round,registry,municipality,uf,municipality_code,neighborhood,sector_code,interviews,region,ibge_population_2022,validation
14/08/2026,BR-06773/2026,Adustina,BA,2900355,Cedro,290035505000010,6,Nordeste,514,population_api
14/08/2026,BR-06773/2026,Adustina,BA,2900355,Adustina,290035505000033,6,Nordeste,752,population_api
14/08/2026,BR-06773/2026,Ananindeua,PA,1500800,Jaderlandia,150080005000103,6,Norte,935,population_api
14/08/2026,BR-06773/2026,Ananindeua,PA,1500800,Aguas Brancas,150080005000362,6,Norte,1136,population_api
14/08/2026,BR-06773/2026,Ananindeua,PA,1500800,Coqueiro,150080005000701,6,Norte,761,population_api
14/08/2026,BR-06773/2026,Angicos,RN,2400802,Alto Do Triangulo,240080205000004,6,Nordeste,672,population_api
14/08/2026,BR-06773/2026,Angicos,RN,2400802,Alto Da Esperanca,240080205000008,6,Nordeste,1015,population_api
14/08/2026,BR-06773/2026,Angicos,RN,2400802,Alto Do Triangulo,240080205000015,6,Nordeste,1064,population_api
14/08/2026,BR-06773/2026,Araguaína,TO,1702109,Loteamento Ceu Azul,170210905000088,6,Norte,1009,population_api
14/08/2026,BR-06773/2026,Araguaína,TO,1702109,Eldorado,170210905000293,6,Norte,792,population_api
14/08/2026,BR-06773/2026,Araraquara,SP,3503208,Jardim Roberto Selmi Dei,350320805000232,6,Sudeste,615,population_api
14/08/2026,BR-06773/2026,Araraquara,SP,3503208,Vila Xavier,350320825000011,6,Sudeste,552,population_api
14/08/2026,BR-06773/2026,Araçariguama,SP,3502754,Vila Nova,350275405000007,6,Sudeste,725,population_api
14/08/2026,BR-06773/2026,Araçariguama,SP,3502754,Jardim Brasil,350275405000032,6,Sudeste,1403,population_api
14/08/2026,BR-06773/2026,Baraúna,RN,2401453,Centro,240145305000003,6,Nordeste,969,population_api
14/08/2026,BR-06773/2026,Baraúna,RN,2401453,Zona Rural,240145305000025,6,Nordeste,133,population_api
14/08/2026,BR-06773/2026,Baraúna,RN,2401453,Subestacao,240145305000053,6,Nordeste,825,population_api
14/08/2026,BR-06773/2026,Bataguassu,MS,5001904,Centro,500190405000001,6,Centro-Oeste,352,population_api
14/08/2026,BR-06773/2026,Bataguassu,MS,5001904,Reta A1,500190405000023,6,Centro-Oeste,330,population_api
14/08/2026,BR-06773/2026,Bataguassu,MS,5001904,Jardim Campo Grande,500190405000043,6,Centro-Oeste,826,population_api
14/08/2026,BR-06773/2026,Bauru,SP,3506003,Bacia Do Córrego Água Do Sobrado,350600305000211,6,Sudeste,767,population_api
14/08/2026,BR-06773/2026,Bauru,SP,3506003,Bacia Do Córrego Água Da Grama,350600305000590,6,Sudeste,828,population_api
14/08/2026,BR-06773/2026,Belo Horizonte,MG,3106200,Casa Branca,310620005630363,6,Sudeste,683,population_api
14/08/2026,BR-06773/2026,Belo Horizonte,MG,3106200,Conjunto Novo Dom Bosco,310620005650505,6,Sudeste,254,population_api
14/08/2026,BR-06773/2026,Belo Horizonte,MG,3106200,Bairro Novo Das Indústrias,310620025610222,6,Sudeste,562,population_api
14/08/2026,BR-06773/2026,Belo Horizonte,MG,3106200,Goiânia,310620060640061,6,Sudeste,671,population_api
14/08/2026,BR-06773/2026,Belo Horizonte,MG,3106200,Vila Santa Monica 1ª Seção,310620060690090,6,Sudeste,561,population_api
14/08/2026,BR-06773/2026,Belo Oriente,MG,3106309,Cachoeira Alegre,310630905000023,6,Sudeste,490,population_api
14/08/2026,BR-06773/2026,Belo Oriente,MG,3106309,Perpetuo Socorro,310630910000018,6,Sudeste,386,population_api
14/08/2026,BR-06773/2026,Belém,PA,1501402,Coqueiro,150140245000324,6,Norte,956,population_api
14/08/2026,BR-06773/2026,Belém,PA,1501402,Marco,150140255000371,6,Norte,271,population_api
14/08/2026,BR-06773/2026,Belém,PA,1501402,Sacramenta,150140275000171,6,Norte,777,population_api
14/08/2026,BR-06773/2026,Bragança Paulista,SP,3507605,Bianchi,350760505000252,6,Sudeste,289,population_api
14/08/2026,BR-06773/2026,Bragança Paulista,SP,3507605,Mourão,350760505000573,6,Sudeste,548,population_api
14/08/2026,BR-06773/2026,Brasília,DF,5300108,Plano Piloto,530010805060164,6,Centro-Oeste,375,population_api
14/08/2026,BR-06773/2026,Brasília,DF,5300108,Ceilândia,530010805150223,6,Centro-Oeste,669,population_api
14/08/2026,BR-06773/2026,Brasília,DF,5300108,Guará,530010805160304,6,Centro-Oeste,748,population_api
14/08/2026,BR-06773/2026,Brasília,DF,5300108,Santa Maria,530010805250083,6,Centro-Oeste,301,population_api
14/08/2026,BR-06773/2026,Brasília,DF,5300108,Park Way,530010805420002,6,Centro-Oeste,1288,population_api
14/08/2026,BR-06773/2026,Brumado,BA,2904605,Monsenhor Antonio Da Silveira Fagundes,290460505000065,6,Nordeste,908,population_api
14/08/2026,BR-06773/2026,Brumado,BA,2904605,Sao Jorge,290460505000133,6,Nordeste,547,population_api
14/08/2026,BR-06773/2026,Cabo de Santo Agostinho,PE,2602902,Malaquias,260290205000157,6,Nordeste,373,population_api
14/08/2026,BR-06773/2026,Cabo de Santo Agostinho,PE,2602902,Jucaral,260290210000004,6,Nordeste,556,population_api
14/08/2026,BR-06773/2026,Cabo de Santo Agostinho,PE,2602902,Paiva,260290220000060,6,Nordeste,507,population_api
14/08/2026,BR-06773/2026,Cajamar,SP,3509205,Guaturinho,350920505000029,6,Sudeste,507,population_api
14/08/2026,BR-06773/2026,Cajamar,SP,3509205,Centro,350920515000035,6,Sudeste,174,population_api
14/08/2026,BR-06773/2026,Campinas,SP,3509502,Cambui,350950205001678,6,Sudeste,258,population_api
14/08/2026,BR-06773/2026,Campinas,SP,3509502,Jardim Novo Maracana,350950235000052,6,Sudeste,962,population_api
14/08/2026,BR-06773/2026,Campo Mourão,PR,4104303,Jardim Bandeirantes,410430305020014,6,Sul,796,population_api
14/08/2026,BR-06773/2026,Campo Mourão,PR,4104303,Zona 3,410430305030026,6,Sul,669,population_api
14/08/2026,BR-06773/2026,Campo Mourão,PR,4104303,Vila Cândida,410430305050033,6,Sul,513,population_api
14/08/2026,BR-06773/2026,Campos dos Goytacazes,RJ,3301009,Centro,330100905070268,6,Sudeste,427,population_api
14/08/2026,BR-06773/2026,Campos dos Goytacazes,RJ,3301009,Parque Vera Cruz,330100905080343,6,Sudeste,341,population_api
14/08/2026,BR-06773/2026,Campos dos Goytacazes,RJ,3301009,Conselheiro Josino,330100985000010,6,Sudeste,344,population_api
14/08/2026,BR-06773/2026,Cansanção,BA,2906808,Centro,290680805000011,6,Nordeste,1039,population_api
14/08/2026,BR-06773/2026,Cansanção,BA,2906808,Fazenda Pedra,290680805000071,6,Nordeste,531,population_api
14/08/2026,BR-06773/2026,Carapicuíba,SP,3510609,Vila Creti,351060905000603,6,Sudeste,289,population_api
14/08/2026,BR-06773/2026,Carapicuíba,SP,3510609,Vila Veloso,351060930000310,6,Sudeste,415,population_api
14/08/2026,BR-06773/2026,Cascavel,PR,4104808,Centro,410480805000019,6,Sul,721,population_api
14/08/2026,BR-06773/2026,Cascavel,PR,4104808,Centro,410480805000233,6,Sul,595,population_api
14/08/2026,BR-06773/2026,Cascavel,PR,4104808,Pioneiros Catarinenses,410480805000450,6,Sul,1103,population_api
14/08/2026,BR-06773/2026,Casimiro de Abreu,RJ,3301306,Mataruna,330130605000022,6,Sudeste,497,population_api
14/08/2026,BR-06773/2026,Casimiro de Abreu,RJ,3301306,Vila Nova,330130610000009,6,Sudeste,501,population_api
14/08/2026,BR-06773/2026,Casimiro de Abreu,RJ,3301306,Palmital,330130610000073,6,Sudeste,495,population_api
14/08/2026,BR-06773/2026,Catuji,MG,3115458,Formoso,311545805000009,6,Sudeste,691,population_api
14/08/2026,BR-06773/2026,Catuji,MG,3115458,Santa Barbara,311545805000010,6,Sudeste,348,population_api
14/08/2026,BR-06773/2026,Catuji,MG,3115458,Centro,311545805000016,6,Sudeste,525,population_api
14/08/2026,BR-06773/2026,Catunda,CE,2303659,Bela Vista,230365905000018,6,Nordeste,384,population_api
14/08/2026,BR-06773/2026,Catunda,CE,2303659,Açude,230365905000032,6,Nordeste,509,population_api
14/08/2026,BR-06773/2026,Caxias,MA,2103000,Nova Caxias,210300005000036,6,Nordeste,1180,population_api
14/08/2026,BR-06773/2026,Caxias,MA,2103000,Vila Conquista,210300005000210,6,Nordeste,689,population_api
14/08/2026,BR-06773/2026,Chapecó,SC,4204202,Passo Dos Fortes,420420205000181,6,Sul,1091,population_api
14/08/2026,BR-06773/2026,Chapecó,SC,4204202,Santa Paulina,420420205000484,6,Sul,700,population_api
14/08/2026,BR-06773/2026,Conceição de Macabu,RJ,3301405,Centro,330140505000024,6,Sudeste,531,population_api
14/08/2026,BR-06773/2026,Conceição de Macabu,RJ,3301405,Usina,330140505000082,6,Sudeste,523,population_api
14/08/2026,BR-06773/2026,Congonhal,MG,3117900,Santa Edwirges,311790005000003,6,Sudeste,487,population_api
14/08/2026,BR-06773/2026,Congonhal,MG,3117900,Centro,311790005000026,6,Sudeste,406,population_api
14/08/2026,BR-06773/2026,Congonhinhas,PR,4106001,Centro,410600105000001,6,Sul,630,population_api
14/08/2026,BR-06773/2026,Congonhinhas,PR,4106001,Centro,410600105000004,6,Sul,814,population_api
14/08/2026,BR-06773/2026,Congonhinhas,PR,4106001,Zona Rural,410600105000006,6,Sul,185,population_api
14/08/2026,BR-06773/2026,Coremas,PB,2504801,Centro,250480105000001,6,Nordeste,217,population_api
14/08/2026,BR-06773/2026,Coremas,PB,2504801,Bela Vista,250480105000017,6,Nordeste,645,population_api
14/08/2026,BR-06773/2026,Coremas,PB,2504801,Bairro Linha De Ferro,250480105000025,6,Nordeste,436,population_api
14/08/2026,BR-06773/2026,Corupá,SC,4204509,Seminario,420450905000019,6,Sul,141,population_api
14/08/2026,BR-06773/2026,Corupá,SC,4204509,Seminário,420450905000053,6,Sul,186,population_api
14/08/2026,BR-06773/2026,Corupá,SC,4204509,Seminário,420450905000056,6,Sul,450,population_api
14/08/2026,BR-06773/2026,Cuiabá,MT,5103403,Porto,510340305410134,6,Centro-Oeste,433,population_api
14/08/2026,BR-06773/2026,Cuiabá,MT,5103403,Administração Regional Norte,510340310400137,6,Centro-Oeste,475,population_api
14/08/2026,BR-06773/2026,Cuiabá,MT,5103403,São João Del Rey,510340310430166,6,Centro-Oeste,1048,population_api
14/08/2026,BR-06773/2026,Curitiba,PR,4106902,Xaxim,410690205020132,6,Sul,643,population_api
14/08/2026,BR-06773/2026,Curitiba,PR,4106902,Abranches,410690205040398,6,Sul,1272,population_api
14/08/2026,BR-06773/2026,Curitiba,PR,4106902,Umbará,410690205080179,6,Sul,605,population_api
14/08/2026,BR-06773/2026,Curvelo,MG,3120904,Bandeirante,312090405000043,6,Sudeste,731,population_api
14/08/2026,BR-06773/2026,Curvelo,MG,3120904,Residencial Lourdes,312090405000173,6,Sudeste,688,population_api
14/08/2026,BR-06773/2026,Feira de Santana,BA,2910800,Campo Limpo,291080005070102,6,Nordeste,516,population_api
14/08/2026,BR-06773/2026,Feira de Santana,BA,2910800,Santa Mônica,291080005090045,6,Nordeste,612,population_api
14/08/2026,BR-06773/2026,Feira de Santana,BA,2910800,Lagoa Grande,291080035000046,6,Nordeste,651,population_api
14/08/2026,BR-06773/2026,Florianópolis,SC,4205407,João Paulo,420540705000124,6,Sul,856,population_api
14/08/2026,BR-06773/2026,Florianópolis,SC,4205407,Agronômica,420540705000549,6,Sul,676,population_api
14/08/2026,BR-06773/2026,Florianópolis,SC,4205407,Capivari,420540720000071,6,Sul,695,population_api
14/08/2026,BR-06773/2026,Fortaleza,CE,2304400,Barra Do Ceará,230440005140359,6,Nordeste,1103,population_api
14/08/2026,BR-06773/2026,Fortaleza,CE,2304400,Prefeito José Walter,230440005180209,6,Nordeste,738,population_api
14/08/2026,BR-06773/2026,Fortaleza,CE,2304400,Aracapé,230440005220180,6,Nordeste,403,population_api
14/08/2026,BR-06773/2026,Foz do Iguaçu,PR,4108304,Maracanã,410830405000125,6,Sul,477,population_api
14/08/2026,BR-06773/2026,Foz do Iguaçu,PR,4108304,Três Lagoas,410830405000369,6,Sul,569,population_api
14/08/2026,BR-06773/2026,Foz do Iguaçu,PR,4108304,Maracanã,410830405000578,6,Sul,454,population_api
14/08/2026,BR-06773/2026,Franca,SP,3516200,Leporace 3,351620005000252,6,Sudeste,704,population_api
14/08/2026,BR-06773/2026,Franca,SP,3516200,Aeroporto Iii,351620005000686,6,Sudeste,569,population_api
14/08/2026,BR-06773/2026,Goiânia,GO,5208707,U.t.p. Bueno,520870705130093,6,Centro-Oeste,718,population_api
14/08/2026,BR-06773/2026,Goiânia,GO,5208707,U.t.p. Jardim Petrópolis,520870705420018,6,Centro-Oeste,680,population_api
14/08/2026,BR-06773/2026,Governador Valadares,MG,3127701,Vila Dos Montes,312770105000238,6,Sudeste,469,population_api
14/08/2026,BR-06773/2026,Governador Valadares,MG,3127701,Vale Do Sol,312770105000583,6,Sudeste,619,population_api
14/08/2026,BR-06773/2026,Guarulhos,SP,3518800,São João,351880005000772,6,Sudeste,1428,population_api
14/08/2026,BR-06773/2026,Guarulhos,SP,3518800,Bonsucesso,351880010000442,6,Sudeste,590,population_api
14/08/2026,BR-06773/2026,Hortolândia,SP,3519071,Rp 6-26,351907105000014,6,Sudeste,401,population_api
14/08/2026,BR-06773/2026,Hortolândia,SP,3519071,Rp 6-24,351907105000306,6,Sudeste,461,population_api
14/08/2026,BR-06773/2026,Imbé,RS,4310330,Imbé,431033005000017,6,Sul,682,population_api
14/08/2026,BR-06773/2026,Imbé,RS,4310330,Imbé,431033005000057,6,Sul,443,population_api
14/08/2026,BR-06773/2026,Imbé,RS,4310330,Marisul,431033005000084,6,Sul,505,population_api
14/08/2026,BR-06773/2026,Ipatinga,MG,3131307,Iguaçu,313130705000085,6,Sudeste,716,population_api
14/08/2026,BR-06773/2026,Ipatinga,MG,3131307,Bethânia,313130710000006,6,Sudeste,610,population_api
14/08/2026,BR-06773/2026,Irati,PR,4110706,Vila Nova,411070605000030,6,Sul,591,population_api
14/08/2026,BR-06773/2026,Irati,PR,4110706,Vila São João,411070605000078,6,Sul,541,population_api
14/08/2026,BR-06773/2026,Irati,PR,4110706,Colina Nossa Senhora Das Graças,411070605000115,6,Sul,509,population_api
14/08/2026,BR-06773/2026,Itabaiana,SE,2802908,Rotary Club,280290805000029,6,Nordeste,434,population_api
14/08/2026,BR-06773/2026,Itabaiana,SE,2802908,Queimadas,280290805000140,6,Nordeste,876,population_api
14/08/2026,BR-06773/2026,Itabaiana,SE,2802908,Marcela,280290805000222,6,Nordeste,939,population_api
14/08/2026,BR-06773/2026,Itanhém,BA,2916005,Sao Joao,291600505000012,6,Nordeste,413,population_api
14/08/2026,BR-06773/2026,Itanhém,BA,2916005,Centro,291600515000002,6,Nordeste,760,population_api
14/08/2026,BR-06773/2026,Itapuã do Oeste,RO,1101104,Centro,110110405000002,6,Norte,664,population_api
14/08/2026,BR-06773/2026,Itapuã do Oeste,RO,1101104,Zona Rural,110110405000006,6,Norte,812,population_api
14/08/2026,BR-06773/2026,Itapuã do Oeste,RO,1101104,Zona Rural,110110405000019,6,Norte,637,population_api
14/08/2026,BR-06773/2026,Iúna,ES,3203007,Centro,320300705000042,6,Sudeste,95,population_api
14/08/2026,BR-06773/2026,Iúna,ES,3203007,Zona Rural,320300725000007,6,Sudeste,129,population_api
14/08/2026,BR-06773/2026,Macaé,RJ,3302403,Lagomar,330240305030031,6,Sudeste,977,population_api
14/08/2026,BR-06773/2026,Macaé,RJ,3302403,Novo Horizonte,330240305050234,6,Sudeste,545,population_api
14/08/2026,BR-06773/2026,Maceió,AL,2704302,Ponta Verde,270430205060110,6,Nordeste,635,population_api
14/08/2026,BR-06773/2026,Maceió,AL,2704302,Jacintinho,270430205100085,6,Nordeste,876,population_api
14/08/2026,BR-06773/2026,Maceió,AL,2704302,Tabuleiro Do Martins,270430205120087,6,Nordeste,856,population_api
14/08/2026,BR-06773/2026,Magalhães de Almeida,MA,2106300,Centro,210630005000005,6,Nordeste,938,population_api
14/08/2026,BR-06773/2026,Magalhães de Almeida,MA,2106300,Vila Bada Coelho,210630005000019,6,Nordeste,1243,population_api
14/08/2026,BR-06773/2026,Magalhães de Almeida,MA,2106300,Canaa,210630005000022,6,Nordeste,370,population_api
14/08/2026,BR-06773/2026,Manaus,AM,1302603,Petrópolis,130260305090062,6,Norte,927,population_api
14/08/2026,BR-06773/2026,Manaus,AM,1302603,Cidade De Deus,130260305120274,6,Norte,826,population_api
14/08/2026,BR-06773/2026,Manaus,AM,1302603,Gilberto Mestrinho,130260305140269,6,Norte,845,population_api
14/08/2026,BR-06773/2026,Maragogi,AL,2704500,Sao Bento,270450005000008,6,Nordeste,1151,population_api
14/08/2026,BR-06773/2026,Maragogi,AL,2704500,Sao Bento,270450005000036,6,Nordeste,525,population_api
14/08/2026,BR-06773/2026,Maragogi,AL,2704500,Peroba,270450010000015,6,Nordeste,309,population_api
14/08/2026,BR-06773/2026,Maturéia,PB,2509396,Sitio Sao Joao,250939605000006,6,Nordeste,241,population_api
14/08/2026,BR-06773/2026,Maturéia,PB,2509396,Centro,250939605000014,6,Nordeste,383,population_api
14/08/2026,BR-06773/2026,Maturéia,PB,2509396,Sitio Riacho De Moca,250939605000021,6,Nordeste,163,population_api
14/08/2026,BR-06773/2026,Mirassol d'Oeste,MT,5105622,Favo De Mel,510562205000025,6,Centro-Oeste,720,population_api
14/08/2026,BR-06773/2026,Mirassol d'Oeste,MT,5105622,Cidade Tamandare,510562205000026,6,Centro-Oeste,678,population_api
14/08/2026,BR-06773/2026,Mirassol d'Oeste,MT,5105622,Jardim Das Flores 3,510562205000047,6,Centro-Oeste,536,population_api
14/08/2026,BR-06773/2026,Mocajuba,PA,1504604,Bairro Cidade Nova,150460405000009,6,Norte,894,population_api
14/08/2026,BR-06773/2026,Mocajuba,PA,1504604,Zona Rural,150460405000043,6,Norte,531,population_api
14/08/2026,BR-06773/2026,Mocajuba,PA,1504604,Jacarecaia,150460415000039,6,Norte,300,population_api
14/08/2026,BR-06773/2026,Moju,PA,1504703,Zona Rural,150470305000035,6,Norte,799,population_api
14/08/2026,BR-06773/2026,Moju,PA,1504703,Zona Rural,150470305000180,6,Norte,675,population_api
14/08/2026,BR-06773/2026,Moju,PA,1504703,Zona Rural,150470310000017,6,Norte,524,population_api
14/08/2026,BR-06773/2026,Muaná,PA,1504901,Zona Rural,150490105000020,6,Norte,1068,population_api
14/08/2026,BR-06773/2026,Muaná,PA,1504901,Muana,150490105000036,6,Norte,1147,population_api
14/08/2026,BR-06773/2026,Muaná,PA,1504901,Zona Rural,150490105000043,6,Norte,811,population_api
14/08/2026,BR-06773/2026,Nazareno,MG,3144508,Centro,314450805000002,6,Sudeste,667,population_api
14/08/2026,BR-06773/2026,Nazareno,MG,3144508,Cohab,314450805000009,6,Sudeste,221,population_api
14/08/2026,BR-06773/2026,Nazaré Paulista,SP,3532405,Centro,353240505000005,6,Sudeste,496,population_api
14/08/2026,BR-06773/2026,Nazaré Paulista,SP,3532405,Guavirituva,353240505000086,6,Sudeste,145,population_api
14/08/2026,BR-06773/2026,Nova Iguaçu,RJ,3303500,Caonze,330350005100053,6,Sudeste,369,population_api
14/08/2026,BR-06773/2026,Nova Iguaçu,RJ,3303500,Marapicu,330350005160059,6,Sudeste,326,population_api
14/08/2026,BR-06773/2026,Nova Olinda do Maranhão,MA,2107357,Bairro Novo,210735705000002,6,Nordeste,790,population_api
14/08/2026,BR-06773/2026,Nova Olinda do Maranhão,MA,2107357,Centro,210735705000006,6,Nordeste,545,population_api
14/08/2026,BR-06773/2026,Nova Olinda do Maranhão,MA,2107357,Bairro Novo,210735705000023,6,Nordeste,881,population_api
14/08/2026,BR-06773/2026,Nova Prata,RS,4313300,São João Bosco,431330005000043,6,Sul,437,population_api
14/08/2026,BR-06773/2026,Nova Prata,RS,4313300,Centro,431330005000062,6,Sul,262,population_api
14/08/2026,BR-06773/2026,Nova Prata,RS,4313300,Basalto,431330005000102,6,Sul,518,population_api
14/08/2026,BR-06773/2026,Olinda,PE,2609600,Peixinhos,260960005000127,6,Nordeste,884,population_api
14/08/2026,BR-06773/2026,Olinda,PE,2609600,Alto Da Conquista,260960005000395,6,Nordeste,598,population_api
14/08/2026,BR-06773/2026,Olinda,PE,2609600,Cidade Tabajara,260960005000667,6,Nordeste,633,population_api
14/08/2026,BR-06773/2026,Ourinhos,SP,3534708,Parque Minas Gerais,353470805000236,6,Sudeste,431,population_api
14/08/2026,BR-06773/2026,Ourinhos,SP,3534708,Jardim Itajubi,353470805000399,6,Sudeste,412,population_api
14/08/2026,BR-06773/2026,Pacatuba,CE,2309706,Alto São João,230970605000056,6,Nordeste,670,population_api
14/08/2026,BR-06773/2026,Pacatuba,CE,2309706,Orgulho Do Ceara,230970635000031,6,Nordeste,820,population_api
14/08/2026,BR-06773/2026,Pacatuba,CE,2309706,Jereissati,230970650000021,6,Nordeste,826,population_api
14/08/2026,BR-06773/2026,Palmas,TO,1721000,Jardim Aureny Iii,172100005000199,6,Norte,882,population_api
14/08/2026,BR-06773/2026,Palmas,TO,1721000,Taquaralto Setor Sol Nascente,172100005000644,6,Norte,653,population_api
14/08/2026,BR-06773/2026,Parobé,RS,4314050,Centro,431405005000006,6,Sul,382,population_api
14/08/2026,BR-06773/2026,Parobé,RS,4314050,Nova Guaruja,431405005000037,6,Sul,422,population_api
14/08/2026,BR-06773/2026,Parobé,RS,4314050,Residencial Azaleia,431405005000090,6,Sul,711,population_api
14/08/2026,BR-06773/2026,Passo Fundo,RS,4314100,Região Do Bairro Vera Cruz,431410005030003,6,Sul,850,population_api
14/08/2026,BR-06773/2026,Passo Fundo,RS,4314100,Região Do Bairro São Cristóvão,431410005120014,6,Sul,510,population_api
14/08/2026,BR-06773/2026,Passos,MG,3147907,Cohab,314790705000066,6,Sudeste,516,population_api
14/08/2026,BR-06773/2026,Passos,MG,3147907,Zona Rural,314790705000251,6,Sudeste,129,population_api
14/08/2026,BR-06773/2026,Petrópolis,RJ,3303906,Alto Da Serra,330390605000076,6,Sudeste,476,population_api
14/08/2026,BR-06773/2026,Petrópolis,RJ,3303906,Meio Da Serra,330390605000490,6,Sudeste,356,population_api
14/08/2026,BR-06773/2026,Piacatu,SP,3537701,Centro,353770105000023,6,Sudeste,438,population_api
14/08/2026,BR-06773/2026,Piacatu,SP,3537701,Jardim Brasilia,353770105000033,6,Sudeste,268,population_api
14/08/2026,BR-06773/2026,Pindamonhangaba,SP,3538006,Centro,353800605000149,6,Sudeste,455,population_api
14/08/2026,BR-06773/2026,Pindamonhangaba,SP,3538006,Mombaca,353800605000351,6,Sudeste,643,population_api
14/08/2026,BR-06773/2026,Piracicaba,SP,3538709,Nova Piracicaba,353870905000188,6,Sudeste,478,population_api
14/08/2026,BR-06773/2026,Piracicaba,SP,3538709,Água Branca,353870905000756,6,Sudeste,700,population_api
14/08/2026,BR-06773/2026,Pirassununga,SP,3539301,Jardim Verona,353930105000053,6,Sudeste,340,population_api
14/08/2026,BR-06773/2026,Pirassununga,SP,3539301,Parque Clayton Malaman,353930105000144,6,Sudeste,726,population_api
14/08/2026,BR-06773/2026,Porto Alegre,RS,4314902,Centro Histórico,431490205000053,6,Sul,256,population_api
14/08/2026,BR-06773/2026,Porto Alegre,RS,4314902,Campo Novo,431490205001036,6,Sul,738,population_api
14/08/2026,BR-06773/2026,Porto Alegre,RS,4314902,Mário Quintana,431490205002063,6,Sul,634,population_api
14/08/2026,BR-06773/2026,Pratinha,MG,3153004,Setor Dois,315300405000002,6,Sudeste,764,population_api
14/08/2026,BR-06773/2026,Pratinha,MG,3153004,Corrego Santa Tereza,315300405000010,6,Sudeste,302,population_api
14/08/2026,BR-06773/2026,Presidente Epitácio,SP,3541307,Vila Maria,354130705000007,6,Sudeste,743,population_api
14/08/2026,BR-06773/2026,Presidente Epitácio,SP,3541307,Vila Esperanca,354130705000069,6,Sudeste,628,population_api
14/08/2026,BR-06773/2026,Queimados,RJ,3304144,Centro,330414405010038,6,Sudeste,386,population_api
14/08/2026,BR-06773/2026,Queimados,RJ,3304144,Oeste,330414405050039,6,Sudeste,398,population_api
14/08/2026,BR-06773/2026,Quirinópolis,GO,5218508,Centro,521850805000014,6,Centro-Oeste,550,population_api
14/08/2026,BR-06773/2026,Quirinópolis,GO,5218508,Sao Francisco,521850805000069,6,Centro-Oeste,430,population_api
14/08/2026,BR-06773/2026,Recife,PE,2611606,Graças,261160605200126,6,Nordeste,697,population_api
14/08/2026,BR-06773/2026,Recife,PE,2611606,Prado,261160605210596,6,Nordeste,442,population_api
14/08/2026,BR-06773/2026,Recife,PE,2611606,Boa Viagem,261160605230539,6,Nordeste,506,population_api
14/08/2026,BR-06773/2026,Resende Costa,MG,3154200,Nossa Senhora Da Penha,315420005000006,6,Sudeste,574,population_api
14/08/2026,BR-06773/2026,Resende Costa,MG,3154200,Curralinho Dos Paulas,315420005000028,6,Sudeste,121,population_api
14/08/2026,BR-06773/2026,Ribeirão Pires,SP,3543303,Centro Alto,354330305000097,6,Sudeste,502,population_api
14/08/2026,BR-06773/2026,Ribeirão Pires,SP,3543303,Centro Ouro Fino Paulista,354330310000006,6,Sudeste,874,population_api
14/08/2026,BR-06773/2026,Rio Claro,SP,3543907,Jardim Das Palmeiras,354390705000092,6,Sudeste,607,population_api
14/08/2026,BR-06773/2026,Rio Claro,SP,3543907,Grande Cervezão,354390705000378,6,Sudeste,513,population_api
14/08/2026,BR-06773/2026,Rio Verde,GO,5218805,Setor Pauzanes,521880505000043,6,Centro-Oeste,899,population_api
14/08/2026,BR-06773/2026,Rio Verde,GO,5218805,Parque Dos Buritis Ii,521880505000280,6,Centro-Oeste,492,population_api
14/08/2026,BR-06773/2026,Rio Vermelho,MG,3156007,Vista Alegre,315600705000021,6,Sudeste,586,population_api
14/08/2026,BR-06773/2026,Rio Vermelho,MG,3156007,Corrego Do Meio,315600710000004,6,Sudeste,276,population_api
14/08/2026,BR-06773/2026,Rio de Janeiro,RJ,3304557,Glória,330455705090302,6,Sudeste,325,population_api
14/08/2026,BR-06773/2026,Rio de Janeiro,RJ,3304557,Alto Da Boa Vista,330455705130289,6,Sudeste,361,population_api
14/08/2026,BR-06773/2026,Rio de Janeiro,RJ,3304557,Vicente De Carvalho,330455705190028,6,Sudeste,548,population_api
14/08/2026,BR-06773/2026,Rio de Janeiro,RJ,3304557,Vila Valqueire,330455705210229,6,Sudeste,487,population_api
14/08/2026,BR-06773/2026,Rio de Janeiro,RJ,3304557,Senador Camará,330455705220456,6,Sudeste,744,population_api
14/08/2026,BR-06773/2026,Rio de Janeiro,RJ,3304557,Inhoaíba,330455705230627,6,Sudeste,590,population_api
14/08/2026,BR-06773/2026,Rio de Janeiro,RJ,3304557,Sepetiba,330455705240340,6,Sudeste,673,population_api
14/08/2026,BR-06773/2026,Rio de Janeiro,RJ,3304557,Praia Da Bandeira,330455705250354,6,Sudeste,450,population_api
14/08/2026,BR-06773/2026,Rio de Janeiro,RJ,3304557,Itanhangá,330455705290426,6,Sudeste,666,population_api
14/08/2026,BR-06773/2026,Rio de Janeiro,RJ,3304557,Vargem Pequena,330455705291034,6,Sudeste,743,population_api
14/08/2026,BR-06773/2026,Rio de Janeiro,RJ,3304557,Complexo Do Alemão,330455705350102,6,Sudeste,965,population_api
14/08/2026,BR-06773/2026,Rio de Janeiro,RJ,3304557,Realengo,330455705370574,6,Sudeste,425,population_api
14/08/2026,BR-06773/2026,Salto,SP,3545209,Jardim Europa,354520905000173,6,Sudeste,700,population_api
14/08/2026,BR-06773/2026,Salto,SP,3545209,Chacara Halter,354520905000308,6,Sudeste,361,population_api
14/08/2026,BR-06773/2026,Salvador,BA,2927408,Rio Vermelho,292740805060201,6,Nordeste,550,population_api
14/08/2026,BR-06773/2026,Salvador,BA,2927408,Paripe,292740805130113,6,Nordeste,670,population_api
14/08/2026,BR-06773/2026,Salvador,BA,2927408,Canabrava,292740805180782,6,Nordeste,999,population_api
14/08/2026,BR-06773/2026,Salvador,BA,2927408,São Caetano,292740805220782,6,Nordeste,831,population_api
14/08/2026,BR-06773/2026,Santa Bárbara,MG,3157203,Vista Alegre,315720305000006,6,Sudeste,1157,population_api
14/08/2026,BR-06773/2026,Santa Bárbara,MG,3157203,Centro,315720305000036,6,Sudeste,542,population_api
14/08/2026,BR-06773/2026,Santa Teresa,ES,3204609,Vila Nova,320460905000007,6,Sudeste,831,population_api
14/08/2026,BR-06773/2026,Santa Teresa,ES,3204609,Vila Nova,320460905000031,6,Sudeste,570,population_api
14/08/2026,BR-06773/2026,Santa Teresa,ES,3204609,Varzea Alegre,320460910000001,6,Sudeste,921,population_api
14/08/2026,BR-06773/2026,Santana do Acaraú,CE,2312007,Puba,231200705000010,6,Nordeste,470,population_api
14/08/2026,BR-06773/2026,Santana do Acaraú,CE,2312007,Pedregal,231200705000041,6,Nordeste,1081,population_api
14/08/2026,BR-06773/2026,Santana do Acaraú,CE,2312007,Camara,231200715000002,6,Nordeste,590,population_api
14/08/2026,BR-06773/2026,Senador Canedo,GO,5220454,Jardim Canedo i,522045405000085,6,Centro-Oeste,840,population_api
14/08/2026,BR-06773/2026,Senador Canedo,GO,5220454,Jardim Sevilha,522045405000206,6,Centro-Oeste,1243,population_api
14/08/2026,BR-06773/2026,Senhor do Bonfim,BA,2930105,Itapicuru,293010505000064,6,Nordeste,333,population_api
14/08/2026,BR-06773/2026,Senhor do Bonfim,BA,2930105,Igara,293010520000012,6,Nordeste,681,population_api
14/08/2026,BR-06773/2026,Sertânia,PE,2614105,Centro,261410505000034,6,Nordeste,555,population_api
14/08/2026,BR-06773/2026,Sertânia,PE,2614105,Nova Sertania,261410505000053,6,Nordeste,710,population_api
14/08/2026,BR-06773/2026,Sertânia,PE,2614105,Malhadinha,261410525000018,6,Nordeste,155,population_api
14/08/2026,BR-06773/2026,Suzano,SP,3552502,Jardim Monte Cristo,355250205000076,6,Sudeste,475,population_api
14/08/2026,BR-06773/2026,Suzano,SP,3552502,Parque Santa Rosa,355250205000453,6,Sudeste,425,population_api
14/08/2026,BR-06773/2026,São Bernardo do Campo,SP,3548708,Paulicéia,354870805000833,6,Sudeste,587,population_api
14/08/2026,BR-06773/2026,São Bernardo do Campo,SP,3548708,Centro,354870805001833,6,Sudeste,398,population_api
14/08/2026,BR-06773/2026,São Caetano de Odivelas,PA,1507102,Centro,150710205000013,6,Norte,699,population_api
14/08/2026,BR-06773/2026,São Caetano de Odivelas,PA,1507102,Vila De Pereru,150710205000043,6,Norte,267,population_api
14/08/2026,BR-06773/2026,São Caetano de Odivelas,PA,1507102,Maracaja,150710210000016,6,Norte,606,population_api
14/08/2026,BR-06773/2026,São Gonçalo,RJ,3304904,Boaçu,330490405000060,6,Sudeste,847,population_api
14/08/2026,BR-06773/2026,São Gonçalo,RJ,3304904,Jardim Catarina,330490415000003,6,Sudeste,479,population_api
14/08/2026,BR-06773/2026,São Gonçalo do Amarante,CE,2312403,Alto Bom Jesus,231240305000013,6,Nordeste,1186,population_api
14/08/2026,BR-06773/2026,São Gonçalo do Amarante,CE,2312403,Guaribas,231240325000011,6,Nordeste,265,population_api
14/08/2026,BR-06773/2026,São Gonçalo do Amarante,CE,2312403,Parada,231240327000004,6,Nordeste,464,population_api
14/08/2026,BR-06773/2026,São Joaquim do Monte,PE,2613305,Centro,261330505000006,6,Nordeste,741,population_api
14/08/2026,BR-06773/2026,São Joaquim do Monte,PE,2613305,Centro,261330505000025,6,Nordeste,638,population_api
14/08/2026,BR-06773/2026,São Joaquim do Monte,PE,2613305,Sitio Fundao,261330515000005,6,Nordeste,632,population_api
14/08/2026,BR-06773/2026,São Luís,MA,2111300,Retiro Natal,211130005000077,6,Nordeste,663,population_api
14/08/2026,BR-06773/2026,São Luís,MA,2111300,Cidade Olimpica,211130005000666,6,Nordeste,800,population_api
14/08/2026,BR-06773/2026,São Luís,MA,2111300,Quebra Pote,211130005001401,6,Nordeste,563,population_api
14/08/2026,BR-06773/2026,São Mateus,ES,3204906,Aroeira,320490605000137,6,Sudeste,944,population_api
14/08/2026,BR-06773/2026,São Mateus,ES,3204906,Nestor Gomes,320490630000028,6,Sudeste,705,population_api
14/08/2026,BR-06773/2026,São Paulo,SP,3550308,Jardim Anhanguera,355030803000238,6,Sudeste,711,population_api
14/08/2026,BR-06773/2026,São Paulo,SP,3550308,Bela Vista,355030807000045,6,Sudeste,397,population_api
14/08/2026,BR-06773/2026,São Paulo,SP,3550308,Carrao,355030820000167,6,Sudeste,612,population_api
14/08/2026,BR-06773/2026,São Paulo,SP,3550308,Cidade Ademar,355030822000640,6,Sudeste,554,population_api
14/08/2026,BR-06773/2026,São Paulo,SP,3550308,Jardim Guanabara,355030823000214,6,Sudeste,594,population_api
14/08/2026,BR-06773/2026,São Paulo,SP,3550308,Freguesia Do o,355030829000116,6,Sudeste,427,population_api
14/08/2026,BR-06773/2026,São Paulo,SP,3550308,Jardim Helena,355030833000313,6,Sudeste,433,population_api
14/08/2026,BR-06773/2026,São Paulo,SP,3550308,Ipiranga,355030834000227,6,Sudeste,452,population_api
14/08/2026,BR-06773/2026,São Paulo,SP,3550308,Jabaquara,355030838000672,6,Sudeste,684,population_api
14/08/2026,BR-06773/2026,São Paulo,SP,3550308,Jardim Angela,355030843000595,6,Sudeste,702,population_api
14/08/2026,BR-06773/2026,São Paulo,SP,3550308,Jardim Helena,355030844000209,6,Sudeste,193,population_api
14/08/2026,BR-06773/2026,São Paulo,SP,3550308,Mandaqui,355030851000003,6,Sudeste,481,population_api
14/08/2026,BR-06773/2026,São Paulo,SP,3550308,Vila Pompeia,355030860000418,6,Sudeste,248,population_api
14/08/2026,BR-06773/2026,São Paulo,SP,3550308,Rio Pequeno,355030867000122,6,Sudeste,456,population_api
14/08/2026,BR-06773/2026,São Paulo,SP,3550308,Chacara Santo Antonio,355030871000185,6,Sudeste,303,population_api
14/08/2026,BR-06773/2026,São Paulo,SP,3550308,Jardim Guairaca,355030872000047,6,Sudeste,642,population_api
14/08/2026,BR-06773/2026,São Paulo,SP,3550308,Jardim Vila Carrao,355030875000245,6,Sudeste,542,population_api
14/08/2026,BR-06773/2026,São Paulo,SP,3550308,Tatuape,355030880000250,6,Sudeste,275,population_api
14/08/2026,BR-06773/2026,São Paulo,SP,3550308,Vila Andrade,355030883000217,6,Sudeste,541,population_api
14/08/2026,BR-06773/2026,São Paulo,SP,3550308,Vila Maria,355030889000196,6,Sudeste,523,population_api
14/08/2026,BR-06773/2026,São Paulo,SP,3550308,Vila Matilde,355030891000068,6,Sudeste,777,population_api
14/08/2026,BR-06773/2026,São Paulo,SP,3550308,Lajeado,355030896000330,6,Sudeste,391,population_api
14/08/2026,BR-06773/2026,São Pedro da Água Branca,MA,2111532,Tocantins,211153205000003,6,Nordeste,1081,population_api
14/08/2026,BR-06773/2026,São Pedro da Água Branca,MA,2111532,Centro,211153205000015,6,Nordeste,1009,population_api
14/08/2026,BR-06773/2026,São Pedro da Água Branca,MA,2111532,Sao Jose,211153205000021,6,Nordeste,457,population_api
14/08/2026,BR-06773/2026,São Pedro do Sul,RS,4319406,Centro,431940605000001,6,Sul,552,population_api
14/08/2026,BR-06773/2026,São Pedro do Sul,RS,4319406,Nova Alemanha,431940605000020,6,Sul,175,population_api
14/08/2026,BR-06773/2026,São Pedro do Sul,RS,4319406,Canto Verde,431940605000037,6,Sul,294,population_api
14/08/2026,BR-06773/2026,São Vicente,SP,3551009,Vila Melo,355100905000036,6,Sudeste,553,population_api
14/08/2026,BR-06773/2026,São Vicente,SP,3551009,Parque Bitaru,355100905000432,6,Sudeste,709,population_api
14/08/2026,BR-06773/2026,Teresina,PI,2211001,Ceramica Cil,221100105000057,6,Nordeste,653,population_api
14/08/2026,BR-06773/2026,Teresina,PI,2211001,Jóquei,221100105070306,6,Nordeste,949,population_api
14/08/2026,BR-06773/2026,Teresina,PI,2211001,São Sebastião,221100105090092,6,Nordeste,1041,population_api
14/08/2026,BR-06773/2026,Tijucas,SC,4218004,Centro,421800405000051,6,Sul,639,population_api
14/08/2026,BR-06773/2026,Tijucas,SC,4218004,Universitario,421800405000089,6,Sul,1019,population_api
14/08/2026,BR-06773/2026,Timbaúba,PE,2615300,Jardim Guarani,261530005000017,6,Nordeste,561,population_api
14/08/2026,BR-06773/2026,Timbaúba,PE,2615300,Cezar Augusto,261530005000075,6,Nordeste,701,population_api
14/08/2026,BR-06773/2026,Timbaúba,PE,2615300,Queimas De Cima,261530005000117,6,Nordeste,468,population_api
14/08/2026,BR-06773/2026,Três Lagoas,MS,5008305,Vila Haro,500830505000041,6,Centro-Oeste,813,population_api
14/08/2026,BR-06773/2026,Três Lagoas,MS,5008305,Vila Zuque,500830505000169,6,Centro-Oeste,465,population_api
14/08/2026,BR-06773/2026,Três Lagoas,MS,5008305,Guanabara,500830505000283,6,Centro-Oeste,674,population_api
14/08/2026,BR-06773/2026,Uberaba,MG,3170107,Fabrício,317010705000355,6,Sudeste,296,population_api
14/08/2026,BR-06773/2026,Uberaba,MG,3170107,Paraíso,317010705000650,6,Sudeste,579,population_api
14/08/2026,BR-06773/2026,Uberaba,MG,3170107,Jockey Park,317010705000952,6,Sudeste,584,population_api
14/08/2026,BR-06773/2026,Uberlândia,MG,3170206,Jaraguá,317020605000204,6,Sudeste,350,population_api
14/08/2026,BR-06773/2026,Uberlândia,MG,3170206,Tabajaras,317020605000877,6,Sudeste,360,population_api
14/08/2026,BR-06773/2026,Uberlândia,MG,3170206,Tubalina,317020605001590,6,Sudeste,306,population_api
14/08/2026,BR-06773/2026,União,PI,2211100,Cruzeiro,221110005000019,6,Nordeste,1030,population_api
14/08/2026,BR-06773/2026,União,PI,2211100,Zona Rural,221110005000053,6,Nordeste,741,population_api
14/08/2026,BR-06773/2026,União,PI,2211100,Meios,221110005000103,6,Nordeste,637,population_api
14/08/2026,BR-06773/2026,Vanini,RS,4322558,Centro,432255805000001,6,Sul,1047,population_api
14/08/2026,BR-06773/2026,Vanini,RS,4322558,Linha Tibola,432255805000002,6,Sul,432,population_api
14/08/2026,BR-06773/2026,Vanini,RS,4322558,Capela Sao Joao,432255805000003,6,Sul,259,population_api
14/08/2026,BR-06773/2026,Vitória da Conquista,BA,2933307,Bateias,293330705000211,6,Nordeste,993,population_api
14/08/2026,BR-06773/2026,Vitória da Conquista,BA,2933307,Alto Maron,293330705000562,6,Nordeste,327,population_api
