uf,secoes_total,st_retrato_nacional_1914,st_arquivo_uf_1914,arquivo_uf_gerado_1914,st_arquivo_uf_2004,arquivo_uf_gerado_2004,delta_st_retrato,delta_st_arquivo_uf,st_monitoramento_1913,st_monitoramento_2005,lula_retrato_1914,flavio_retrato_1914,lula_2004,flavio_2004,delta_lula,delta_flavio
AC,2270,2087,2127,19:12:24,2226,20:03:41,139,99,2128,,121728,277090,131531,296503,9803,19413
AL,7101,2228,2796,19:13:27,4052,20:03:43,1824,1256,2801,4139,296315,193581,554557,374928,258242,181347
AM,8157,5660,5924,19:11:45,6938,20:03:42,1278,1014,6054,7019,665527,738458,843552,871292,178025,132834
AP,1914,1237,1315,19:11:44,1600,20:02:02,363,285,,,130986,121039,172933,168381,41947,47342
BA,35476,15112,17249,19:11:54,23835,20:02:14,8723,6586,17941,24331,2227758,1036257,3635383,1651965,1407625,615708
CE,23765,9803,11766,19:13:58,16281,20:02:06,6478,4515,11766,16483,1374240,745868,2367584,1247982,993344,502114
DF,6969,6857,6900,19:13:55,6935,20:03:42,78,35,6900,,664459,891901,672045,904230,7586,12329
ES,9844,9143,9368,19:13:28,9772,20:03:43,629,404,9388,,773300,1145845,841258,1225274,67958,79429
GO,15686,11318,12382,19:12:28,14331,20:03:46,3013,1949,12563,14435,812538,1499198,1068820,1885543,256282,386345
MA,18093,9765,10746,19:12:28,13676,20:04:37,3911,2930,10951,13733,1285856,676924,1860524,956670,574668,279746
MG,52062,28962,32424,19:11:38,42240,19:32:25,13278,9816,34044,42503,2805383,3283261,4126005,4752312,1320622,1469051
MS,7106,6797,6891,19:13:58,7055,20:03:44,258,164,,7071,486398,842806,511323,870220,24925,27414
MT,8287,7024,7339,19:13:59,7937,20:03:45,913,598,7339,7948,481226,1104973,551998,1247397,70772,142424
PA,20827,13618,14692,19:14:03,17459,20:04:37,3841,2767,14692,17490,1513264,1435122,1958406,1860624,445142,425502
PB,10712,9613,9964,19:14:01,10471,20:04:37,858,507,9964,10474,1363398,747781,1501801,813407,138403,65626
PE,21418,10784,12270,19:14:01,16102,20:02:05,5318,3832,12243,16510,1649947,860434,2578167,1312420,928220,451986
PI,10225,6890,7512,19:14:02,8659,20:04:36,1769,1147,7502,8691,996367,364378,1273531,446256,277164,81878
PR,27142,25935,26254,19:11:35,26919,20:02:12,984,665,26377,,1947602,3774614,2032920,3914574,85318,139960
RJ,37675,16695,19912,19:13:32,27692,20:02:06,10997,7780,20170,28163,1502595,2079460,2608074,3559112,1105479,1479652
RN,8115,4805,5352,19:13:31,6783,20:03:45,1978,1431,5381,6852,703930,402569,1020523,594387,316593,191818
RO,4698,4191,4296,19:11:47,4608,20:03:42,417,312,4367,,227256,577034,246413,638932,19157,61898
RR,1519,1301,1362,19:11:47,1491,20:03:42,190,129,1371,1492,62947,195897,71527,228239,8580,32342
RS,27547,22864,24221,19:11:39,26834,20:02:18,3970,2613,24764,26992,1909966,2971422,2243861,3486455,333895,515033
SC,17326,12675,14055,19:13:35,16453,20:04:38,3778,2398,14098,16501,830111,2164038,1069754,2842270,239643,678232
SE,5923,4270,4769,19:13:31,5510,20:03:43,1240,741,4794,5521,584638,301724,780240,390648,195602,88924
SP,103656,68117,76665,19:13:49,93379,20:02:25,25262,16714,77436,93954,6020799,8534735,8491721,11659202,2470922,3124467
TO,4384,4138,4221,19:14:01,4332,20:02:06,194,111,4213,4333,381329,440386,399554,462484,18225,22098
ZZ,1351,850,858,19:14:01,923,20:04:34,73,65,,,115395,84483,122963,95108,7568,10625
