pagina,pagina_contagem,regiao,uf,municipio,codigo_municipio,bairro,setor,entrevistas
1,6,CO,DF,Brasília,5300108,ASA NORTE,530010805060311,14
1,6,CO,DF,Brasília,5300108,CEILANDIA,530010805150251,10
1,6,CO,DF,Brasília,5300108,CEILANDIA,530010805150286,4
1,6,CO,GO,Aparecida de Goiânia,5201405,CENTRO,520140505000001,7
1,6,CO,GO,Aparecida de Goiânia,5201405,INDEPENDENCIA,520140505000220,7
1,6,CO,GO,Goianésia,5208608,SETOR CENTRAL,520860805000103,7
1,6,CO,GO,Goianésia,5208608,PARQUE DAS PALMEIRAS,520860805000113,7
1,6,CO,GO,Goiânia,5208707,CENTRO,520870705010008,7
1,6,CO,GO,Goiânia,5208707,SETOR LESTE VILA NOVA,520870705070005,7
1,6,CO,GO,Porangatu,5218003,CENTRO,521800305000001,7
1,6,CO,GO,Porangatu,5218003,SETOR GRUPIARA,521800305000012,7
1,6,CO,GO,Rio Verde,5218805,CENTRO,521880505000022,7
1,6,CO,GO,Rio Verde,5218805,BAIRRO MARTINS,521880505000063,7
1,6,CO,MS,Camapuã,5002605,CENTRO,500260505000007,7
1,6,CO,MS,Camapuã,5002605,BAIRRO ALTO,500260505000009,7
1,6,CO,MS,Campo Grande,5002704,CENTRO,500270405060001,7
1,6,CO,MS,Campo Grande,5002704,CABREUVA,500270405060034,1
1,6,CO,MS,Campo Grande,5002704,CENTRO,500270405060103,6
1,6,CO,MS,Nova Andradina,5006200,CENTRO,500620005000004,3
1,6,CO,MS,Nova Andradina,5006200,CENTRO,500620005000007,4
1,6,CO,MS,Nova Andradina,5006200,CRISTO REI,500620005000018,7
1,6,CO,MT,Mirassol d'Oeste,5105622,CENTRO,510562205000002,7
1,6,CO,MT,Mirassol d'Oeste,5105622,CIDADE TAMANDARE,510562205000026,7
1,6,N,AC,Rio Branco,1200401,CENTRO,120040105000002,7
1,6,N,AC,Rio Branco,1200401,6 DE AGOSTO,120040105000563,7
1,6,N,AM,Anamã,1300086,BAIRRO CENTRO,130008605000001,7
1,6,N,AM,Anamã,1300086,BAIRRO ESMERALDA MOURA,130008605000020,7
1,6,N,AM,Codajás,1301308,CENTRO,130130805000028,7
1,6,N,AM,Codajás,1301308,LAGUINHO,130130805000032,7
1,6,N,AM,Manaus,1302603,CENTRO,130260305060114,3
1,6,N,AM,Manaus,1302603,CENTRO,130260305060131,4
1,6,N,AM,Manaus,1302603,SAO LAZARO,130260305100155,7
1,6,N,AM,Manaus,1302603,ALEIXO,130260305110088,7
1,6,N,AM,Manaus,1302603,SAO JOSE OPERARIO,130260305140080,7
1,6,N,PA,Belém,1501402,BATISTA CAMPOS,150140205000018,7
1,6,N,PA,Belém,1501402,CAMPINA,150140205000046,7
1,6,N,PA,Capanema,1502202,TRES DE MAIO,150220205000011,7
1,6,N,PA,Capanema,1502202,CENTRO,150220205000093,7
1,6,N,PA,Marabá,1504208,BAIRRO BOM PLANALTO,150420805000090,7
1,6,N,PA,Marabá,1504208,CENTRO,150420805000203,7
1,6,N,PA,Salinópolis,1506203,ALACILANDIA,150620305000001,7
1,6,N,PA,Salinópolis,1506203,CENTRO,150620305000037,7
1,6,N,PA,Santa Izabel do Pará,1506500,CENTRO,150650005000001,7
1,6,N,PA,Santa Izabel do Pará,1506500,TRIANGULO,150650005000004,3
1,6,N,PA,Santa Izabel do Pará,1506500,SAO RAIMUNDO,150650005000062,4
1,6,N,RO,Guajará-Mirim,1100106,DEZ DE ABRIL,110010605000002,7
1,6,N,RO,Guajará-Mirim,1100106,CENTRO,110010605000027,7
1,6,N,TO,Gurupi,1709500,SETOR CENTRAL,170950005000009,7
1,6,N,TO,Gurupi,1709500,JARDIM DOS BURITIS,170950005000040,7
1,6,NE,AL,Batalha,2700706,CENTRO,270070605000005,7
1,6,NE,AL,Batalha,2700706,SAO FRANCISCO,270070605000045,7
1,6,NE,AL,Murici,2705507,CAMPO GRANDE,270550705000011,7
1,6,NE,AL,Murici,2705507,CONJ PEDRO TIMOTEO FILHO,270550705000031,2
1,6,NE,AL,Murici,2705507,CAMPO GRANDE,270550705000045,5
1,6,NE,AL,Piaçabuçu,2706802,CENTRO,270680205000001,7
1,6,NE,AL,Piaçabuçu,2706802,BRASILIA,270680205000008,7
1,6,NE,BA,Alagoinhas,2900702,SANTA TEREZINHA,290070205000009,7
1,6,NE,BA,Alagoinhas,2900702,CENTRO,290070205000125,7
1,6,NE,BA,Cruz das Almas,2909802,ITAPICURU,290980205000030,4
1,6,NE,BA,Cruz das Almas,2909802,COPLAN,290980205000074,3
1,6,NE,BA,Cruz das Almas,2909802,CENTRO,290980205000107,7
1,6,NE,BA,Feira de Santana,2910800,CENTRO,291080005080003,7
1,6,NE,BA,Feira de Santana,2910800,TOMBA,291080005090054,7
1,6,NE,BA,Muquém do São Francisco,2922250,CENTRO,292225005000004,7
1,6,NE,BA,Muquém do São Francisco,2922250,JAVI,292225005000046,7
1,6,NE,BA,Rafael Jambeiro,2925956,CENTRO,292595605000018,7
1,6,NE,BA,Rafael Jambeiro,2925956,ALTO BONITO CENTRO,292595605000028,7
1,6,NE,BA,Remanso,2926004,CENTRO,292600405000001,5
1,6,NE,BA,Remanso,2926004,CENTRO,292600405000003,7
1,6,NE,BA,Remanso,2926004,CENTRO,292600405000016,2
1,6,NE,BA,Salvador,2927408,PITUBA,292740805060076,7
1,6,NE,BA,Salvador,2927408,ENGENHO VELHO DE BROTAS,292740805070311,7
1,6,NE,BA,Salvador,2927408,LIBERDADE,292740805210142,7
1,6,NE,BA,Salvador,2927408,CENTRO,292740805270092,7
1,6,NE,BA,Simões Filho,2930709,CENTRO,293070905000003,7
1,6,NE,BA,Simões Filho,2930709,ENGENHO NOVO,293070905000009,7
2,7,NE,CE,Fortaleza,2304400,CENTRO/ Região Adm. XII (Prefeitura)/REGIONAL I (IBGE),230440005130003,7
2,7,NE,CE,Fortaleza,2304400,SAO JOAO DO TAUAPE / Região Adm. II (Prefeitura)/REGIONAL III (IBGE),230440005150456,3
2,7,NE,CE,Fortaleza,2304400,JOAQUIM TAVORA/ Região Adm. II (Prefeitura)/REGIONAL III (IBGE),230440005150489,4
2,7,NE,CE,Fortaleza,2304400,FARIAS BRITO/ Região Adm III (Prefeitura)/REGIONAL IV(IBGE),230440005160287,7
2,7,NE,CE,Fortaleza,2304400,JOSE BONIFACIO/ Região Adm. V (Prefeitura)/REGIONAL V(IBGE),230440005170223,7
2,7,NE,CE,Horizonte,2305233,CENTRO,230523305000017,7
2,7,NE,CE,Horizonte,2305233,HORIZONTE,230523305000052,7
2,7,NE,CE,Mulungu,2309102,BAIRRO BASTIOES,230910205000002,7
2,7,NE,CE,Mulungu,2309102,APA DA SERRA DE BATURITE,230910205000016,7
2,7,NE,CE,Quixeré,2311504,NOVA MORADA,231150405000007,7
2,7,NE,CE,Quixeré,2311504,CENTRO,231150405000020,7
2,7,NE,CE,Tamboril,2313203,SAO PEDRO,231320305000005,7
2,7,NE,CE,Tamboril,2313203,CENTRO,231320305000045,7
2,7,NE,CE,Viçosa do Ceará,2314102,CENTRO,231410205000001,7
2,7,NE,CE,Viçosa do Ceará,2314102,BAIRRO SANTA CECILIA,231410205000004,7
2,7,NE,MA,Joselândia,2105609,JOSELANDIA,210560905000041,7
2,7,NE,MA,Joselândia,2105609,CENTRO,210560905000044,7
2,7,NE,MA,Matinha,2106508,BAIRRO NOVO,210650805000001,7
2,7,NE,MA,Matinha,2106508,CENTRO,210650805000030,7
2,7,NE,MA,São José de Ribamar,2111201,SAO RAIMUNDO,211120105000007,7
2,7,NE,MA,São José de Ribamar,2111201,CENTRO,211120105000107,7
2,7,NE,MA,São Luís,2111300,CIDADE OPERARIA,211130005000625,7
2,7,NE,MA,São Luís,2111300,CENTRO,211130005001576,7
2,7,NE,PB,João Pessoa,2507507,CENTRO,250750705000141,7
2,7,NE,PB,João Pessoa,2507507,BESSA,250750705001082,7
2,7,NE,PB,Livramento,2508505,CENTRO,250850505000004,7
2,7,NE,PB,Livramento,2508505,CENTRO,250850505000021,7
2,7,NE,PB,Pombal,2512101,SANTO AMARO,251210105000016,7
2,7,NE,PB,Pombal,2512101,CENTRO,251210105000064,7
2,7,NE,PE,Recife,2611606,BOA VIAGEM,261160605230459,7
2,7,NE,PE,Recife,2611606,BOA VIAGEM,261160605230206,7
2,7,NE,PE,Paulista,2610707,CENTRO,261070705000486,7
2,7,NE,PE,Paulista,2610707,JARDIM PAULISTA,261070705000259,7
2,7,NE,PE,Petrolina,2611101,CENTRO,261110105060047,7
2,7,NE,PE,Petrolina,2611101,JARDIM MARAVILHA,261110105060010,7
2,7,NE,PE,Surubim,2614501,CENTRO,261450105000058,7
2,7,NE,PE,Surubim,2614501,SAO SEBASTIAO,261450105000016,7
2,7,NE,PE,Caruaru,2604106,NOSSA SENHORA DAS DORES,260410605000002,7
2,7,NE,PE,Caruaru,2604106,MAURICIO DE NASSAU,260410605000049,7
2,7,NE,PE,Vitória de Santo Antão,2616407,CENTRO,261640705000001,7
2,7,NE,PE,Vitória de Santo Antão,2616407,LOTEAMENTO REAL,261640705000131,7
2,7,NE,PE,Ipubi,2607307,CENTRO,260730705000001,7
2,7,NE,PE,Ipubi,2607307,COHAB,260730705000021,7
2,7,NE,PI,Floriano,2203909,MANGUINHA,220390905000013,7
2,7,NE,PI,Floriano,2203909,CENTRO,220390905000024,7
2,7,NE,PI,Teresina,2211001,CENTRO,221100105060004,7
2,7,NE,PI,Teresina,2211001,LOURIVAL PARENTE,221100105100046,7
2,7,NE,RN,Canguaretama,2402204,SERTAOZINHO,240220405000010,7
2,7,NE,RN,Canguaretama,2402204,CENTRO,240220405000011,7
2,7,NE,RN,Natal,2408102,PETROPOLIS,240810205080143,7
2,7,NE,RN,Natal,2408102,CIDADE ALTA,240810205080166,7
2,7,NE,SE,Estância,2802106,CENTRO,280210605000006,7
2,7,NE,SE,Estância,2802106,ALAGOAS,280210605000160,7
2,7,NE,SE,Nossa Senhora do Socorro,2804805,SAO BRAS,280480505000205,7
2,7,NE,SE,Nossa Senhora do Socorro,2804805,CENTRO HISTORICO,280480505000467,7
2,7,S,PR,Campo Mourão,4104303,CENTRO,410430305010028,7
2,7,S,PR,Campo Mourão,4104303,JARDIM VITORIA REGIA,410430305040003,7
2,7,S,PR,Colombo,4105805,CENTRO,410580505000005,7
2,7,S,PR,Colombo,4105805,GABIROBAL,410580505000316,7
2,7,S,PR,Curitiba,4106902,CENTRO,410690205010021,7
2,7,S,PR,Curitiba,4106902,REBOUCAS,410690205010420,7
2,7,S,PR,Curitiba,4106902,ABRANCHES,410690205040043,2
2,7,S,PR,Curitiba,4106902,BARREIRINHA,410690205040162,5
2,7,S,PR,Curitiba,4106902,BARREIRINHA,410690205040173,7
2,7,S,PR,Moreira Sales,4116109,CENTRO,411610905000009,7
2,7,S,PR,Moreira Sales,4116109,CENTRO,411610905000019,7
2,7,S,PR,Rancho Alegre,4121307,CENTRO,412130705000001,7
2,7,S,PR,Rancho Alegre,4121307,CENTRO,412130705000004,7
2,7,S,PR,São Pedro do Iguaçu,4125753,CENTRO,412575305000001,7
2,7,S,PR,São Pedro do Iguaçu,4125753,CENTRO,412575305000002,7
2,7,S,PR,Telêmaco Borba,4127106,CENTRO,412710605000004,7
2,7,S,PR,Telêmaco Borba,4127106,ALTO DAS OLIVEIRAS,412710605000114,2
2,7,S,PR,Telêmaco Borba,4127106,ALTO DAS OLIVEIRAS,412710605000145,5
2,7,S,RS,Candelária,4304200,CENTRO,430420005000001,7
2,7,S,RS,Candelária,4304200,BAIRRO RINCAO COMPRIDO,430420005000043,7
2,7,S,RS,Espumoso,4307500,MARAVALHA,430750005000007,7
2,7,S,RS,Espumoso,4307500,CENTRO,430750005000013,7
3,8,S,RS,Montenegro,4312401,CENTRO,431240105000009,7
3,8,S,RS,Montenegro,4312401,RUI BARBOSA,431240105000022,7
3,8,S,RS,Nova Santa Rita,4313375,CALIFORNIA,431337505000002,12
3,8,S,RS,Nova Santa Rita,4313375,CENTRO,431337505000007,2
3,8,S,RS,Novo Hamburgo,4313409,IDEAL,431340905000101,7
3,8,S,RS,Novo Hamburgo,4313409,CENTRO,431340905000529,7
3,8,S,RS,Passo Fundo,4314100,CENTRO,431410005010051,7
3,8,S,RS,Passo Fundo,4314100,VERA CRUZ,431410005030025,7
3,8,S,RS,Porto Alegre,4314902,FARROUPILHA,431490205002530,7
3,8,S,RS,Porto Alegre,4314902,CENTRO,431490205002799,7
3,8,S,RS,Tramandaí,4321600,CENTRO,432160005000024,7
3,8,S,RS,Tramandaí,4321600,SAO FRANCISCO I,432160005000035,7
3,8,S,SC,Blumenau,4202404,CENTRO,420240405000013,7
3,8,S,SC,Blumenau,4202404,AGUA VERDE,420240405000168,7
3,8,S,SC,Lages,4209300,CENTRO,420930005000012,7
3,8,S,SC,Lages,4209300,SANTA CATARINA,420930005000201,7
3,8,S,SC,Pinhalzinho,4212908,JARDIM MARIA TEREZINHA,421290805000025,7
3,8,S,SC,Pinhalzinho,4212908,CENTRO,421290805000030,7
3,8,S,SC,São Francisco do Sul,4216206,CENTRO,421620605000001,7
3,8,S,SC,São Francisco do Sul,4216206,ACARAI,421620605000011,7
3,8,S,SC,Sombrio,4217709,NOVA BRASILIA,421770905000018,7
3,8,S,SC,Sombrio,4217709,CENTRO,421770905000068,7
3,8,SE,ES,Aracruz,3200607,CENTRO,320060705000001,7
3,8,SE,ES,Aracruz,3200607,VILA NOVA,320060705000061,7
3,8,SE,ES,Cariacica,3201308,CAMPO GRANDE,320130810000009,7
3,8,SE,ES,Cariacica,3201308,VISTA MAR,320130810000059,7
3,8,SE,MG,Belo Horizonte,3106200,MILIONARIOS,310620025610603,7
3,8,SE,MG,Belo Horizonte,3106200,SAGRADA FAMILIA,310620005630145,7
3,8,SE,MG,Belo Horizonte,3106200,CENTRO,310620005620775,7
3,8,SE,MG,Belo Horizonte,3106200,BURITIS,310620005670599,7
3,8,SE,MG,Santa Luzia,3157807,BELA VISTA,315780705000007,7
3,8,SE,MG,Santa Luzia,3157807,CENTRO,315780705000003,7
3,8,SE,MG,Uberlândia,3170206,TABAJARAS,317020605001974,7
3,8,SE,MG,Uberlândia,3170206,CENTRO,317020605000005,7
3,8,SE,MG,Divinópolis,3122306,CENTRO,312230605000012,7
3,8,SE,MG,Divinópolis,3122306,SANTA CLARA,312230605000022,7
3,8,SE,MG,Barbacena,3105608,CAICARAS,310560805000090,7
3,8,SE,MG,Barbacena,3105608,CENTRO,310560805000002,7
3,8,SE,MG,Nanuque,3144300,FEIRINHA,314430005000018,7
3,8,SE,MG,Nanuque,3144300,CENTRO,314430005000002,7
3,8,SE,MG,Santana do Manhuaçu,3158904,CENTRO,315890405000010,7
3,8,SE,MG,Santana do Manhuaçu,3158904,CENTRO,315890405000001,7
3,8,SE,MG,Coronel Fabriciano,3119401,CENTRO,311940105000075,7
3,8,SE,MG,Coronel Fabriciano,3119401,GIOVANNINI,311940105000121,7
3,8,SE,MG,Matozinhos,3141108,CENTRO,314110805000032,7
3,8,SE,MG,Matozinhos,3141108,CRUZEIRO,314110805000012,7
3,8,SE,MG,Ubá,3169901,CENTRO,316990105000166,7
3,8,SE,MG,Ubá,3169901,DICO TEIXEIRA,316990105000134,7
3,8,SE,MG,Frei Inocêncio,3126901,CENTRO,312690105000006,7
3,8,SE,MG,Frei Inocêncio,3126901,GAMELEIRA,312690105000018,7
3,8,SE,MG,São Francisco,3161106,CENTRO,316110605000062,7
3,8,SE,MG,São Francisco,3161106,APARECIDA,316110605000071,7
3,8,SE,MG,Campina Verde,3111101,CENTRO,311110105000073,7
3,8,SE,MG,Campina Verde,3111101,SAO VICENTE,311110105000017,7
3,8,SE,RJ,Rio de Janeiro,3304557,CENTRO,330455705070118,7
3,8,SE,RJ,Rio de Janeiro,3304557,MAGALHAES BASTOS,330455705370544,7
3,8,SE,RJ,Rio de Janeiro,3304557,GAMBOA,330455705060048,7
3,8,SE,RJ,Rio de Janeiro,3304557,BOTAFOGO,330455705090112,7
3,8,SE,RJ,Rio de Janeiro,3304557,TAQUARA,330455705210089,7
3,8,SE,RJ,Rio de Janeiro,3304557,RECREIO,330455705291099,7
3,8,SE,RJ,Rio de Janeiro,3304557,PECHINCHA,330455705210036,7
3,8,SE,RJ,Rio de Janeiro,3304557,PAVUNA,330455705300219,7
3,8,SE,RJ,Rio de Janeiro,3304557,BARRA DA TIJUCA,330455705290876,7
3,8,SE,RJ,Rio de Janeiro,3304557,FREGUESIA,330455705210356,7
3,8,SE,RJ,Belford Roxo,3300456,CENTRO,330045605010022,7
3,8,SE,RJ,Belford Roxo,3300456,BOM PASTOR,330045605030039,7
3,8,SE,RJ,Duque de Caxias,3301702,JARDIM GRAMACHO,330170205000556,7
3,8,SE,RJ,Duque de Caxias,3301702,DOUTOR LAUREANO,330170205000310,7
3,8,SE,RJ,Magé,3302502,CENTRO,330250205000141,7
3,8,SE,RJ,Magé,3302502,VILA ESPERANCA,330250205000152,2
3,8,SE,RJ,Magé,3302502,BARBUDA,330250205000130,5
3,8,SE,RJ,São Gonçalo,3304904,LARANJAL,330490415000634,7
3,8,SE,RJ,São Gonçalo,3304904,NEVES,330490420000357,7
3,8,SE,RJ,São João de Meriti,3305109,CENTRO,330510905000374,7
3,8,SE,RJ,São João de Meriti,3305109,COELHO DA ROCHA,330510910000006,7
3,8,SE,RJ,Campos dos Goytacazes,3301009,PARQUE RIACHUELO,330100905070398,7
3,8,SE,RJ,Campos dos Goytacazes,3301009,CENTRO,330100905070004,7
3,8,SE,RJ,Araruama,3300209,CENTRO,330020905000073,7
3,8,SE,RJ,Araruama,3300209,AREAL,330020905000016,7
3,8,SE,SP,Americana,3501608,JARDIM GIRASSOL,350160805000013,7
3,8,SE,SP,Americana,3501608,CENTRO,350160805000288,7
4,9,SE,SP,Boituva,3507001,CENTRO,350700105000024,7
4,9,SE,SP,Boituva,3507001,JARDIM OREANA,350700105000207,7
4,9,SE,SP,Bom Jesus dos Perdões,3507100,JARDIM BELA VISTA,350710005000001,7
4,9,SE,SP,Bom Jesus dos Perdões,3507100,CENTRO,350710005000027,7
4,9,SE,SP,Cafelândia,3508801,JARDIM ORLANDO BAGGIO,350880105000006,7
4,9,SE,SP,Cafelândia,3508801,CENTRO,350880105000070,7
4,9,SE,SP,Caieiras,3509007,CENTRO,350900705000001,7
4,9,SE,SP,Caieiras,3509007,NOVA ERA,350900705000013,7
4,9,SE,SP,Campinas,3509502,CENTRO,350950205000012,7
4,9,SE,SP,Campinas,3509502,PONTE PRETA,350950205000156,7
4,9,SE,SP,Carapicuíba,3510609,VILA DIRCE,351060905000517,7
4,9,SE,SP,Carapicuíba,3510609,CENTRO,351060905000532,7
4,9,SE,SP,Guarujá,3518701,PITANGUEIRAS,351870105000077,7
4,9,SE,SP,Guarujá,3518701,SANTO ANTONIO,351870105000307,7
4,9,SE,SP,Guarulhos,3518800,CENTRO,351880005000001,7
4,9,SE,SP,Guarulhos,3518800,PICANCO,351880005000332,7
4,9,SE,SP,Jacareí,3524402,JARDIM DAS INDUSTRIAS,352440205000147,7
4,9,SE,SP,Jacareí,3524402,CENTRO,352440205000364,7
4,9,SE,SP,Jundiaí,3525904,ANHANGABAU,352590405000183,7
4,9,SE,SP,Jundiaí,3525904,CENTRO,352590405001353,7
4,9,SE,SP,Mauá,3529401,CENTRO,352940105000601,7
4,9,SE,SP,Mauá,3529401,JARDIM ROSINA,352940105000941,7
4,9,SE,SP,Osasco,3534401,CENTRO,353440105000039,2
4,9,SE,SP,Osasco,3534401,BELA VISTA,353440105000348,7
4,9,SE,SP,Osasco,3534401,CENTRO,353440105001117,5
4,9,SE,SP,Palestina,3535002,CENTRO,353500205000001,7
4,9,SE,SP,Palestina,3535002,CDHU,353500205000031,7
4,9,SE,SP,Penápolis,3537305,VILA GARDIM,353730505000017,7
4,9,SE,SP,Penápolis,3537305,CENTRO,353730505000164,7
4,9,SE,SP,Peruíbe,3537602,JARDIM SAO JOAO,353760205000017,2
4,9,SE,SP,Peruíbe,3537602,LOTEAMENTO SOARES,353760205000141,5
4,9,SE,SP,Peruíbe,3537602,CENTRO,353760205000143,7
4,9,SE,SP,Pindamonhangaba,3538006,CENTRO,353800605000146,7
4,9,SE,SP,Pindamonhangaba,3538006,ALTO DO CARDOSO,353800605000206,1
4,9,SE,SP,Pindamonhangaba,3538006,JARDIM ROSELY,353800605000298,6
4,9,SE,SP,Ribeirão Bonito,3542909,R BONITO,354290905000003,7
4,9,SE,SP,Ribeirão Bonito,3542909,CENTRO,354290905000006,7
4,9,SE,SP,Ribeirão Preto,3543402,CENTRO,354340205000046,7
4,9,SE,SP,Ribeirão Preto,3543402,CAMPOS ELISEOS,354340205000242,7
4,9,SE,SP,Santa Gertrudes,3546702,CENTRO,354670205000031,7
4,9,SE,SP,Santa Gertrudes,3546702,JARDIM PARQUE INDUSTRIAL,354670205000055,7
4,9,SE,SP,Santo André,3547809,VILA LINDA,354780905000186,7
4,9,SE,SP,Santo André,3547809,CENTRO,354780905001214,7
4,9,SE,SP,São Paulo,3550308,COHAB PE MANUEL DA NOBREGA,355030805000033,7
4,9,SE,SP,São Paulo,3550308,BELA VISTA,355030807000233,3
4,9,SE,SP,São Paulo,3550308,CAMPO GRANDE,355030816000010,7
4,9,SE,SP,São Paulo,3550308,JARDIM UBIRAJARA,355030816000289,1
4,9,SE,SP,São Paulo,3550308,CANGAIBA,355030818000213,7
4,9,SE,SP,São Paulo,3550308,CARRAO,355030820000123,7
4,9,SE,SP,São Paulo,3550308,PARQUE BOTURUSSU,355030828000037,1
4,9,SE,SP,São Paulo,3550308,PQ RES COCAIA,355030830000801,7
4,9,SE,SP,São Paulo,3550308,IPIRANGA,355030834000288,7
4,9,SE,SP,São Paulo,3550308,JARDIM MIRIAM,355030836000181,7
4,9,SE,SP,São Paulo,3550308,CIDADE ANTONIO ESTEVAO DE CARVALHO,355030837000193,1
4,9,SE,SP,São Paulo,3550308,JABAQUARA,355030838000054,7
4,9,SE,SP,São Paulo,3550308,LAPA,355030848000256,1
4,9,SE,SP,São Paulo,3550308,PIRITUBA,355030863000024,7
4,9,SE,SP,São Paulo,3550308,VILA MORAES,355030868000121,7
4,9,SE,SP,São Paulo,3550308,JARDIM SAPOPEMBA,355030873000205,7
4,9,SE,SP,São Paulo,3550308,JD FONTALIS,355030881000175,7
4,9,SE,SP,São Paulo,3550308,TUCURUVI,355030882000185,7
4,9,SE,SP,São Paulo,3550308,VILA CURUCA,355030884000147,7
4,9,SE,SP,São Paulo,3550308,VILA FORMOSA,355030885000026,7
4,9,SE,SP,São Paulo,3550308,CARANDIRU,355030886000005,7
4,9,SE,SP,São Paulo,3550308,SAO PAULO,355030887000039,7
4,9,SE,SP,Taquaritinga,3553708,CENTRO,355370805000002,7
4,9,SE,SP,Taquaritinga,3553708,JARDIM DOUTOR JOSE CARLOS SOBRAL,355370805000153,7
4,9,SE,SP,Vargem Grande do Sul,3556404,CENTRO,355640405000003,7
4,9,SE,SP,Vargem Grande do Sul,3556404,JARDIM SAO LUCAS,355640405000029,7
