turno,associacao,respostas,regiao,comparecimento_alvo,lula_validos,flavio_validos,outros_validos
1t,-1,suave,declarado,0.75,43.91122607971577,39.412998260231525,16.675775660052707
1t,-1,suave,2022,0.75,43.92271075515882,39.41732348298977,16.659965761851392
1t,-1,central,declarado,0.75,43.901062252686685,39.4581963294592,16.640741417854112
1t,-1,central,2022,0.75,43.93102761549196,39.456456749339864,16.612515635168165
1t,-1,estrito,declarado,0.75,43.80908457442666,39.54126659167646,16.64964883389688
1t,-1,estrito,2022,0.75,43.884181412632614,39.51874458239748,16.59707400496992
1t,-1,suave,declarado,0.7922387053311113,43.903753356354024,39.407143541349,16.68910310229696
1t,-1,suave,2022,0.7922387053311113,43.91309917131288,39.41095032898102,16.67595049970609
1t,-1,central,declarado,0.7922387053311113,43.8955832394763,39.444702158708175,16.659714601815516
1t,-1,central,2022,0.7922387053311113,43.920155812694816,39.44355236702292,16.636291820282263
1t,-1,estrito,declarado,0.7922387053311113,43.81957536026135,39.51361141469151,16.666813225047136
1t,-1,estrito,2022,0.7922387053311113,43.88131673415203,39.49539438556007,16.623288880287888
1t,-1,suave,declarado,0.85,43.89342361188408,39.39938065909784,16.707195729018068
1t,-1,suave,2022,0.85,43.89997858307452,39.402334081914994,16.697687335010503
1t,-1,central,declarado,0.85,43.88779601883568,39.4265056793457,16.685698301818633
1t,-1,central,2022,0.85,43.905215579557755,39.425958741548484,16.668825678893775
1t,-1,estrito,declarado,0.85,43.833341449807605,39.47615389620721,16.690504653985183
1t,-1,estrito,2022,0.85,43.877266329638736,39.46347751938731,16.65925615097394
1t,0,suave,declarado,0.75,43.95231034565316,39.228641593462214,16.81904806088463
1t,0,suave,2022,0.75,43.96677384571211,39.23103320751302,16.802192946774884
1t,0,central,declarado,0.75,43.94372452115134,39.27371345367488,16.78256202517378
1t,0,central,2022,0.75,43.9762661869349,39.2701125228217,16.753621290243398
1t,0,estrito,declarado,0.75,43.852733711710954,39.35692093613562,16.790345352153416
1t,0,estrito,2022,0.75,43.92955345392156,39.33288627705241,16.737560269026027
1t,0,suave,declarado,0.7922387053311113,43.94479743606059,39.22231597950141,16.832886584437993
1t,0,suave,2022,0.7922387053311113,43.95673556865082,39.22441176242487,16.818852668924308
1t,0,central,declarado,0.7922387053311113,43.93792494645507,39.25975876926461,16.802316284280327
1t,0,central,2022,0.7922387053311113,43.964726718653054,39.25697895612505,16.7782943252219
1t,0,estrito,declarado,0.7922387053311113,43.86273657390693,39.328822196392856,16.80844122970021
1t,0,estrito,2022,0.7922387053311113,43.92593274939608,39.30930747279753,16.764759777806397
1t,0,suave,declarado,0.85,43.93441598577277,39.213902267673134,16.85168174655409
1t,0,suave,2022,0.85,43.94295538610856,39.21552087798372,16.841523735907735
1t,0,central,declarado,0.85,43.92971189210337,39.24092975179027,16.829358356106358
1t,0,central,2022,0.85,43.94882583605247,39.239128395943666,16.81204576800387
1t,0,estrito,declarado,0.85,43.8758438970252,39.29072880296182,16.83342730001297
1t,0,estrito,2022,0.85,43.92084314216866,39.27707942011741,16.802077437713926
1t,1,suave,declarado,0.75,43.69038110986194,39.2370180555236,17.072600834614448
1t,1,suave,2022,0.75,43.709542572845116,39.236661812161074,17.0537956149938
1t,1,central,declarado,0.75,43.68801720209199,39.28051656860444,17.03146622930358
1t,1,central,2022,0.75,43.72459827976655,39.274468932259076,17.00093278797438
1t,1,estrito,declarado,0.75,43.6001587275189,39.36362648297241,17.036214789508687
1t,1,estrito,2022,0.75,43.68040606712033,39.33756492789776,16.9820290049819
1t,1,suave,declarado,0.7922387053311113,43.68210210960214,39.23063980375882,17.087258086639046
1t,1,suave,2022,0.7922387053311113,43.69809998041433,39.230246332040736,17.071653687544938
1t,1,central,declarado,0.7922387053311113,43.6806564687968,39.26664827228997,17.052695258913243
1t,1,central,2022,0.7922387053311113,43.71089083129024,39.26164744068822,17.027461728021517
1t,1,estrito,declarado,0.7922387053311113,43.60820086093747,39.335693537524136,17.05610560153838
1t,1,estrito,2022,0.7922387053311113,43.67423086786285,39.31430676731085,17.01146236482628
1t,1,suave,declarado,0.85,43.670415548391304,39.22225600746474,17.107328444143945
1t,1,suave,2022,0.85,43.68203476385106,39.22187769083845,17.096087545310485
1t,1,central,declarado,0.85,43.6698821313121,39.248123533268995,17.081994335418923
1t,1,central,2022,0.85,43.691543556641776,39.24453603342234,17.063920409935903
1t,1,estrito,declarado,0.85,43.618114915976705,39.29797297073954,17.083912113283752
1t,1,estrito,2022,0.85,43.66514050025315,39.282787374593205,17.052072125153657
2t,-1,suave,declarado,0.75,50.79469206289927,49.20530793710073,0
2t,-1,suave,2022,0.75,50.79769629976392,49.20230370023607,0
2t,-1,central,declarado,0.75,50.7635363651778,49.2364636348222,0
2t,-1,central,2022,0.75,50.785715516854026,49.21428448314598,0
2t,-1,estrito,declarado,0.75,50.65777928763628,49.342220712363726,0
2t,-1,estrito,2022,0.75,50.725807255827895,49.274192744172105,0
2t,-1,suave,declarado,0.7957830228837077,50.79514202277302,49.204857977226965,0
2t,-1,suave,2022,0.7957830228837077,50.79733967715223,49.202660322847784,0
2t,-1,central,declarado,0.7957830228837077,50.76986021382404,49.230139786175954,0
2t,-1,central,2022,0.7957830228837077,50.78757496860276,49.212425031397224,0
2t,-1,estrito,declarado,0.7957830228837077,50.68378748768281,49.316212512317186,0
2t,-1,estrito,2022,0.7957830228837077,50.73860100488343,49.261398995116565,0
2t,-1,suave,declarado,0.85,50.79548315433856,49.20451684566144,0
2t,-1,suave,2022,0.85,50.7968784064663,49.203121593533695,0
2t,-1,central,declarado,0.85,50.77705363016964,49.22294636983036,0
2t,-1,central,2022,0.85,50.78972251643207,49.21027748356792,0
2t,-1,estrito,declarado,0.85,50.714094582231695,49.2859054177683,0
2t,-1,estrito,2022,0.85,50.753712301310635,49.246287698689365,0
2t,0,suave,declarado,0.75,50.87702601602997,49.12297398397004,0
2t,0,suave,2022,0.75,50.88449259606618,49.11550740393382,0
2t,0,central,declarado,0.75,50.846325188989894,49.153674811010106,0
2t,0,central,2022,0.75,50.87279981124535,49.12720018875465,0
2t,0,estrito,declarado,0.75,50.74091351793902,49.25908648206098,0
2t,0,estrito,2022,0.75,50.812543642568606,49.187456357431394,0
2t,0,suave,declarado,0.7957830228837077,50.87778451388736,49.122215486112644,0
2t,0,suave,2022,0.7957830228837077,50.88392816997804,49.116071830021966,0
2t,0,central,declarado,0.7957830228837077,50.85288798879613,49.147112011203866,0
2t,0,central,2022,0.7957830228837077,50.87438578869796,49.12561421130205,0
2t,0,estrito,declarado,0.7957830228837077,50.76710814852342,49.23289185147659,0
2t,0,estrito,2022,0.7957830228837077,50.825049287831156,49.17495071216883,0
2t,0,suave,declarado,0.85,50.878491104423624,49.121508895576376,0
2t,0,suave,2022,0.85,50.88304261214888,49.11695738785112,0
2t,0,central,declarado,0.85,50.860357294528605,49.13964270547141,0
2t,0,central,2022,0.85,50.876038477672424,49.123961522327576,0
2t,0,estrito,declarado,0.85,50.79761949697279,49.2023805030272,0
2t,0,estrito,2022,0.85,50.83969189648481,49.160308103515185,0
2t,1,suave,declarado,0.75,50.70768634694567,49.29231365305433,0
2t,1,suave,2022,0.75,50.72100521583966,49.27899478416034,0
2t,1,central,declarado,0.75,50.68133609597327,49.31866390402672,0
2t,1,central,2022,0.75,50.71293332837596,49.28706667162403,0
2t,1,estrito,declarado,0.75,50.5780159133178,49.42198408668219,0
2t,1,estrito,2022,0.75,50.65375332151201,49.34624667848797,0
2t,1,suave,declarado,0.7957830228837077,50.7078685820063,49.292131417993716,0
2t,1,suave,2022,0.7957830228837077,50.719202117913596,49.28079788208641,0
2t,1,central,declarado,0.7957830228837077,50.68683172205449,49.3131682779455,0
2t,1,central,2022,0.7957830228837077,50.71282449942186,49.287175500578144,0
2t,1,estrito,declarado,0.7957830228837077,50.60288173140294,49.397118268597055,0
2t,1,estrito,2022,0.7957830228837077,50.66436611170521,49.33563388829478,0
2t,1,suave,declarado,0.85,50.707639543653286,49.292360456346714,0
2t,1,suave,2022,0.85,50.71635255317986,49.28364744682014,0
2t,1,central,declarado,0.85,50.692604265491866,49.307395734508134,0
2t,1,central,2022,0.85,50.711849613404624,49.28815038659538,0
2t,1,estrito,declarado,0.85,50.6313108012046,49.368689198795394,0
2t,1,estrito,2022,0.85,50.67614529208884,49.32385470791117,0
