uf,regiao,eleitorado,comparecimento,abstencao,branco_nulo,lula,flavio,outros,lula_validos_pct,flavio_validos_pct,outros_validos_pct,hash_modelo
AC,Norte,613742,476074.0653590546,137667.9346409454,15666.876510807178,132318.15683588362,285753.25153894874,42335.78047341505,28.739376804017798,62.065332266811,9.19529092917121,d4e65d899c15aec6c7848a550b67c4aa80bb8d45bc0a9b28415a4da6d6f52851
AL,Nordeste,2442126,1895734.2772209311,546391.7227790689,85730.23877971571,944142.272444462,713200.538520139,152661.2274766142,52.16244010469513,39.40325675374464,8.434303141560216,d4e65d899c15aec6c7848a550b67c4aa80bb8d45bc0a9b28415a4da6d6f52851
AM,Norte,2798611,2234904.6561521976,563706.3438478024,60669.732824554856,1001499.4266584317,981689.051119398,191046.44554981316,46.06215344594169,45.15101107919532,8.786835474862977,d4e65d899c15aec6c7848a550b67c4aa80bb8d45bc0a9b28415a4da6d6f52851
AP,Norte,576988,464432.52459898393,112555.47540101607,11178.635965891357,194566.26685721907,198902.63061788888,59784.991157984645,42.926552145859205,43.88327063618418,13.190177217956618,d4e65d899c15aec6c7848a550b67c4aa80bb8d45bc0a9b28415a4da6d6f52851
BA,Nordeste,11312752,8897923.567613855,2414828.432386145,453900.09540969384,5507495.048457076,2324066.1390289185,612462.2847181677,65.22358762486294,27.523207943218356,7.253204431918702,d4e65d899c15aec6c7848a550b67c4aa80bb8d45bc0a9b28415a4da6d6f52851
CE,Nordeste,6996545,5775388.027048137,1221156.972951863,204743.80933275126,3442925.943448106,1629613.1480008555,498105.1262664245,61.804807646827385,29.25358512070238,8.941607232470247,d4e65d899c15aec6c7848a550b67c4aa80bb8d45bc0a9b28415a4da6d6f52851
DF,Centro-Oeste,2258320,1862222.0284948414,396097.9715051586,58691.412047686936,646689.0269581941,901387.2774107631,255454.31207819714,35.85683664367906,49.979039401418156,14.164123954902779,d4e65d899c15aec6c7848a550b67c4aa80bb8d45bc0a9b28415a4da6d6f52851
ES,Sudeste,2991650,2370783.9834771603,620866.0165228397,96935.6221097249,879850.9533623791,1142817.6798931682,251179.72811188805,38.69435483522124,50.25918611414819,11.046459050630574,d4e65d899c15aec6c7848a550b67c4aa80bb8d45bc0a9b28415a4da6d6f52851
GO,Centro-Oeste,5080590,3977223.9923663726,1103366.0076336274,136921.62642606656,1309618.4190742248,1799644.6054938186,731039.3413722623,34.10196110309565,46.86205496355941,19.035983933344944,d4e65d899c15aec6c7848a550b67c4aa80bb8d45bc0a9b28415a4da6d6f52851
MA,Nordeste,5183115,4032329.46546307,1150785.5345369298,142875.49631181595,2518253.641864263,1082729.938439087,288470.38884790445,64.74568568846668,27.83758201091032,7.416732300623002,d4e65d899c15aec6c7848a550b67c4aa80bb8d45bc0a9b28415a4da6d6f52851
MG,Sudeste,16372372,12724041.334802603,3648330.6651973967,642157.2900900721,5425333.072039454,5367297.795551688,1289253.177121387,44.90469410202439,44.42434454501004,10.670961352965566,d4e65d899c15aec6c7848a550b67c4aa80bb8d45bc0a9b28415a4da6d6f52851
MS,Centro-Oeste,2024430,1577353.4820174235,447076.5179825765,48994.45895947327,546368.8692456956,821483.8355024119,160506.31830984252,35.748725332384105,53.749402012805994,10.501872654809894,d4e65d899c15aec6c7848a550b67c4aa80bb8d45bc0a9b28415a4da6d6f52851
MT,Centro-Oeste,2637801,2021050.458364985,616750.541635015,52721.972840116556,606845.2077576078,1199983.0629212281,161500.2148460324,30.830484455229957,60.964573329397524,8.204942215372515,d4e65d899c15aec6c7848a550b67c4aa80bb8d45bc0a9b28415a4da6d6f52851
PA,Norte,6262397,4933572.205666954,1328824.7943330463,112243.46722625401,2344315.0397669976,2018232.5520150012,458781.1466587013,48.62383726452118,41.8605048837166,9.51565785176223,d4e65d899c15aec6c7848a550b67c4aa80bb8d45bc0a9b28415a4da6d6f52851
PB,Nordeste,3248531,2686904.077436254,561626.9225637461,142547.9514726308,1545604.1497043604,792538.2051383313,206213.77112093134,60.746376418473815,31.148870908869867,8.104752672656312,d4e65d899c15aec6c7848a550b67c4aa80bb8d45bc0a9b28415a4da6d6f52851
PE,Nordeste,7223450,5908531.505087151,1314918.4949128488,294679.2806716532,3570301.1560164676,1715917.462156105,327633.6062429251,63.598060891034585,30.565775399169198,5.83616370979622,d4e65d899c15aec6c7848a550b67c4aa80bb8d45bc0a9b28415a4da6d6f52851
PI,Nordeste,2704758,2226203.8103735833,478554.18962641666,74932.37981162738,1470036.8839798323,499103.2227282123,182131.32385391116,68.33339870998188,23.200383533092168,8.466217756925946,d4e65d899c15aec6c7848a550b67c4aa80bb8d45bc0a9b28415a4da6d6f52851
PR,Sul,8613657,6935814.874089713,1677842.1259102868,266379.40940831165,2136874.9552974068,3804812.088892064,727748.4204919311,32.03981756197239,57.04848797234474,10.91169446568287,d4e65d899c15aec6c7848a550b67c4aa80bb8d45bc0a9b28415a4da6d6f52851
RJ,Sudeste,12857648,9933638.760925084,2924009.2390749156,455226.21906112554,3705749.160020258,4838954.185446343,933709.1963973579,39.09672789249064,51.05236941390555,9.850902693603807,d4e65d899c15aec6c7848a550b67c4aa80bb8d45bc0a9b28415a4da6d6f52851
RN,Nordeste,2659825,2176617.981920495,483207.01807950484,86578.58255942931,1252604.2641365535,670755.0003444586,166680.13488005387,59.93208857782681,32.09293569056695,7.974975731606241,d4e65d899c15aec6c7848a550b67c4aa80bb8d45bc0a9b28415a4da6d6f52851
RO,Norte,1265893,953874.5685041766,312018.43149582343,24365.5029830928,243052.57167230026,609672.6629034698,76783.83094531384,26.148488561114217,65.59082482554236,8.260686613343436,d4e65d899c15aec6c7848a550b67c4aa80bb8d45bc0a9b28415a4da6d6f52851
RR,Norte,401521,334466.49360666826,67054.50639333174,7734.03973258038,70617.16351518172,225562.20748262428,30553.082876281926,21.613146376452487,69.03575228237004,9.35110134117748,d4e65d899c15aec6c7848a550b67c4aa80bb8d45bc0a9b28415a4da6d6f52851
RS,Sul,8522545,6836362.568644818,1686182.431355182,250423.14028315325,2533435.542983433,3305589.392216743,746914.493161488,38.46733743212785,50.191615458556534,11.341047109315618,d4e65d899c15aec6c7848a550b67c4aa80bb8d45bc0a9b28415a4da6d6f52851
SC,Sul,5734651,4677669.757395012,1056981.2426049877,162790.93858629387,1253552.5000870763,2790268.20302959,471058.1156920523,27.76492017603774,61.80161893616054,10.43346088780173,d4e65d899c15aec6c7848a550b67c4aa80bb8d45bc0a9b28415a4da6d6f52851
SE,Nordeste,1740135,1420867.5951670958,319267.4048329042,68954.40160847409,805171.1397760505,418046.0453134696,128696.00846910143,59.5579023573703,30.922550893452932,9.519546749176756,d4e65d899c15aec6c7848a550b67c4aa80bb8d45bc0a9b28415a4da6d6f52851
SP,Sudeste,34122892,26749131.52715841,7373760.472841591,1507824.910395772,9804813.253892057,12365090.875446739,3071402.487423846,38.844317383240075,48.98752296458036,12.16815965217958,d4e65d899c15aec6c7848a550b67c4aa80bb8d45bc0a9b28415a4da6d6f52851
TO,Norte,1182023,962870.263451413,219152.73654858698,31988.26307749931,391747.02133095684,448708.2415006273,90426.73754232957,42.08342423353348,48.20248337817163,9.714092388294892,d4e65d899c15aec6c7848a550b67c4aa80bb8d45bc0a9b28415a4da6d6f52851
ZZ,Exterior,916534,400738.7091313071,515795.2908686929,12657.631582546763,168106.03991723224,156805.5911059639,63169.44652556416,43.317247256434605,40.405368923524,16.277383820041383,d4e65d899c15aec6c7848a550b67c4aa80bb8d45bc0a9b28415a4da6d6f52851
