round,registry,municipality,uf,municipality_code,neighborhood,sector_code,interviews,region
07/09,BR-01720/2026,Alpinópolis,MG,3101904,Santa Efigenia,310190405000009,6,Sudeste
07/09,BR-01720/2026,Alpinópolis,MG,3101904,Zona Rural,310190405000057,6,Sudeste
07/09,BR-01720/2026,América Dourada,BA,2901155,Nova America,290115505000015,6,Nordeste
07/09,BR-01720/2026,América Dourada,BA,2901155,Soares De Baixo,290115520000004,6,Nordeste
07/09,BR-01720/2026,Ananindeua,PA,1500800,Aguas Lindas,150080005000053,6,Norte
07/09,BR-01720/2026,Ananindeua,PA,1500800,Quinta Das Carmitas,150080005000305,6,Norte
07/09,BR-01720/2026,Ananindeua,PA,1500800,Carlos Mariguela,150080005000631,6,Norte
07/09,BR-01720/2026,Angra dos Reis,RJ,3300100,Morro Do Santo Antônio,330010005000182,6,Sudeste
07/09,BR-01720/2026,Angra dos Reis,RJ,3300100,Nova Angra,330010015000239,6,Sudeste
07/09,BR-01720/2026,Antônio Cardoso,BA,2901700,Centro,290170005000008,6,Nordeste
07/09,BR-01720/2026,Antônio Cardoso,BA,2901700,Limoeiro,290170015000016,6,Nordeste
07/09,BR-01720/2026,Anápolis,GO,5201108,Nova Alexandrina,520110805000107,6,Centro-Oeste
07/09,BR-01720/2026,Anápolis,GO,5201108,Arco Verde,520110805000315,6,Centro-Oeste
07/09,BR-01720/2026,Anápolis,GO,5201108,Santo Andre,520110805000528,6,Centro-Oeste
07/09,BR-01720/2026,Aracaju,SE,2800308,Olaria,280030805000277,6,Nordeste
07/09,BR-01720/2026,Aracaju,SE,2800308,Jardim Centenário,280030805000704,6,Nordeste
07/09,BR-01720/2026,Aracaju,SE,2800308,São Conrado,280030805001314,6,Nordeste
07/09,BR-01720/2026,Araioses,MA,2100907,Nova Conceicao,210090705000004,6,Nordeste
07/09,BR-01720/2026,Araioses,MA,2100907,Zona Rural,210090705000052,6,Nordeste
07/09,BR-01720/2026,Araioses,MA,2100907,Baixao Da Subida,210090705000092,6,Nordeste
07/09,BR-01720/2026,Araranguá,SC,4201406,Polícia Rodoviária,420140605000040,6,Sul
07/09,BR-01720/2026,Araranguá,SC,4201406,Santa Rosa De Lima,420140605000096,6,Sul
07/09,BR-01720/2026,Araranguá,SC,4201406,Rio Dos Anjos,420140610000005,6,Sul
07/09,BR-01720/2026,Astolfo Dutra,MG,3104601,Zona Rural,310460105000013,6,Sudeste
07/09,BR-01720/2026,Astolfo Dutra,MG,3104601,Sebastiao Romao Claudiano,310460110000003,6,Sudeste
07/09,BR-01720/2026,Açailândia,MA,2100055,Nova Acailandia Ii,210005505000159,6,Nordeste
07/09,BR-01720/2026,Açailândia,MA,2100055,Vila Bertele,210005505000209,6,Nordeste
07/09,BR-01720/2026,Açailândia,MA,2100055,Centro,210005505000306,6,Nordeste
07/09,BR-01720/2026,Barra Velha,SC,4202107,Centro,420210705000073,6,Sul
07/09,BR-01720/2026,Barra Velha,SC,4202107,Itajuba,420210705000113,6,Sul
07/09,BR-01720/2026,Barra Velha,SC,4202107,Escalvado,420210705000117,6,Sul
07/09,BR-01720/2026,Barras,PI,2201200,Riachinho,220120005000002,6,Nordeste
07/09,BR-01720/2026,Barras,PI,2201200,Zona Rural,220120005000041,6,Nordeste
07/09,BR-01720/2026,Barras,PI,2201200,Residencial São Francisco,220120005000099,6,Nordeste
07/09,BR-01720/2026,Bastos,SP,3505807,Jardim Esplanada,350580705000009,6,Sudeste
07/09,BR-01720/2026,Bastos,SP,3505807,Jardim Novo Bastos,350580705000060,6,Sudeste
07/09,BR-01720/2026,Bauru,SP,3506003,Bacia Do Córrego Água Da Ressaca,350600305000105,6,Sudeste
07/09,BR-01720/2026,Bauru,SP,3506003,Bacia Do Córrego Do Pau D'alho,350600305000431,6,Sudeste
07/09,BR-01720/2026,Belford Roxo,RJ,3300456,Nova Aurora,330045605020216,6,Sudeste
07/09,BR-01720/2026,Belford Roxo,RJ,3300456,Vale Do Ipê,330045605050168,6,Sudeste
07/09,BR-01720/2026,Belo Horizonte,MG,3106200,Santa Rita De Cássia,310620005620726,6,Sudeste
07/09,BR-01720/2026,Belo Horizonte,MG,3106200,Colégio Batista,310620005630276,6,Sudeste
07/09,BR-01720/2026,Belo Horizonte,MG,3106200,Camargos,310620005670760,6,Sudeste
07/09,BR-01720/2026,Belo Horizonte,MG,3106200,Paquetá,310620005680559,6,Sudeste
07/09,BR-01720/2026,Belo Horizonte,MG,3106200,Rio Branco,310620060690034,6,Sudeste
07/09,BR-01720/2026,Belém,PA,1501402,Tenoné,150140245000540,6,Norte
07/09,BR-01720/2026,Belém,PA,1501402,Agulha,150140260000035,6,Norte
07/09,BR-01720/2026,Belém,PA,1501402,Sacramenta,150140275000359,6,Norte
07/09,BR-01720/2026,Bocaiúva do Sul,PR,4103107,Vila Angelica,410310705000022,6,Sul
07/09,BR-01720/2026,Bocaiúva do Sul,PR,4103107,Jardim Cruzeiro,410310705000031,6,Sul
07/09,BR-01720/2026,Bocaiúva do Sul,PR,4103107,Zona Rural,410310705000050,6,Sul
07/09,BR-01720/2026,Brasnorte,MT,5101902,Santo Amaro,510190205000005,6,Centro-Oeste
07/09,BR-01720/2026,Brasnorte,MT,5101902,Zona Rural,510190205000024,6,Centro-Oeste
07/09,BR-01720/2026,Brasnorte,MT,5101902,Agua Da Prata,510190210000001,6,Centro-Oeste
07/09,BR-01720/2026,Brasília,DF,5300108,Taguatinga,530010805080193,6,Centro-Oeste
07/09,BR-01720/2026,Brasília,DF,5300108,Planaltina,530010805110136,6,Centro-Oeste
07/09,BR-01720/2026,Brasília,DF,5300108,Ceilândia,530010805150683,6,Centro-Oeste
07/09,BR-01720/2026,Brasília,DF,5300108,Sol Nascente/Pôr Do Sol,530010805310151,6,Centro-Oeste
07/09,BR-01720/2026,Brasília,DF,5300108,Itapoã,530010805380013,6,Centro-Oeste
07/09,BR-01720/2026,Cabo de Santo Agostinho,PE,2602902,Malaquias,260290205000013,6,Nordeste
07/09,BR-01720/2026,Cabo de Santo Agostinho,PE,2602902,Serraria,260290205000226,6,Nordeste
07/09,BR-01720/2026,Cabo de Santo Agostinho,PE,2602902,Pontezinha,260290215000056,6,Nordeste
07/09,BR-01720/2026,Cachoeiras de Macacu,RJ,3300803,Centro-Japuíba,330080305000167,6,Sudeste
07/09,BR-01720/2026,Cachoeiras de Macacu,RJ,3300803,Viracopos,330080305000282,6,Sudeste
07/09,BR-01720/2026,Camaragibe,PE,2603454,Vila Da Fábrica,260345405060117,6,Nordeste
07/09,BR-01720/2026,Camaragibe,PE,2603454,Santana,260345405070083,6,Nordeste
07/09,BR-01720/2026,Camaragibe,PE,2603454,Aldeia Dos Camarás,260345405100053,6,Nordeste
07/09,BR-01720/2026,Campinas,SP,3509502,Parque Oziel,350950205001311,6,Sudeste
07/09,BR-01720/2026,Campinas,SP,3509502,Parque Uniao Da Vitoria,350950230000119,6,Sudeste
07/09,BR-01720/2026,Campo Formoso,BA,2906006,Colina Do Sol,290600605000017,6,Nordeste
07/09,BR-01720/2026,Campo Formoso,BA,2906006,Zona Rural,290600605000128,6,Nordeste
07/09,BR-01720/2026,Campo Grande,MS,5002704,Nasser,500270405080093,6,Centro-Oeste
07/09,BR-01720/2026,Campo Grande,MS,5002704,América,500270405110188,6,Centro-Oeste
07/09,BR-01720/2026,Campo Grande,MS,5002704,Tarumã,500270405130083,6,Centro-Oeste
07/09,BR-01720/2026,Campo Largo,PR,4104204,Rondinha,410420405000042,6,Sul
07/09,BR-01720/2026,Campo Largo,PR,4104204,Tres Rios,410420405000156,6,Sul
07/09,BR-01720/2026,Campo Largo,PR,4104204,Jardim Guarani,410420415000011,6,Sul
07/09,BR-01720/2026,Campo Mourão,PR,4104303,Jardim Santa Cruz,410430305020008,6,Sul
07/09,BR-01720/2026,Campo Mourão,PR,4104303,Jardim Ilha Bela,410430305030022,6,Sul
07/09,BR-01720/2026,Campo Mourão,PR,4104303,Jardim Pio Xii,410430305050030,6,Sul
07/09,BR-01720/2026,Candeias,MG,3112000,Rio Branco,311200005000006,6,Sudeste
07/09,BR-01720/2026,Candeias,MG,3112000,Alto Do Cruzeiro,311200005000049,6,Sudeste
07/09,BR-01720/2026,Canoas,RS,4304606,Niterói,430460605000151,6,Sul
07/09,BR-01720/2026,Canoas,RS,4304606,Estância Velha,430460605000368,6,Sul
07/09,BR-01720/2026,Canoas,RS,4304606,Igara,430460605000609,6,Sul
07/09,BR-01720/2026,Capão do Leão,RS,4304663,Centro,430466305000001,6,Sul
07/09,BR-01720/2026,Capão do Leão,RS,4304663,Jardim América,430466305000019,6,Sul
07/09,BR-01720/2026,Capão do Leão,RS,4304663,Parque Fragata,430466305000042,6,Sul
07/09,BR-01720/2026,Carbonita,MG,3113503,Monte Belo,311350305000004,6,Sudeste
07/09,BR-01720/2026,Carbonita,MG,3113503,Leites,311350305000017,6,Sudeste
07/09,BR-01720/2026,Carbonita,MG,3113503,Simao,311350305000020,6,Sudeste
07/09,BR-01720/2026,Cariacica,ES,3201308,Aparecida,320130805000054,6,Sudeste
07/09,BR-01720/2026,Cariacica,ES,3201308,Morada De Santa Fé,320130810000028,6,Sudeste
07/09,BR-01720/2026,Cariacica,ES,3201308,Jardim Botânico,320130810000270,6,Sudeste
07/09,BR-01720/2026,Carnaubal,CE,2303402,Bem Viver,230340205000001,6,Nordeste
07/09,BR-01720/2026,Carnaubal,CE,2303402,Zona Rural,230340205000018,6,Nordeste
07/09,BR-01720/2026,Carnaubal,CE,2303402,Baixa Do Cedro,230340205000034,6,Nordeste
07/09,BR-01720/2026,Cascavel,PR,4104808,Centro,410480805000005,6,Sul
07/09,BR-01720/2026,Cascavel,PR,4104808,Cascavel Velho,410480805000219,6,Sul
07/09,BR-01720/2026,Cascavel,PR,4104808,Quatorze De Novembro,410480805000440,6,Sul
07/09,BR-01720/2026,Caturaí,GO,5205208,Jardim Noroeste,520520805000001,6,Centro-Oeste
07/09,BR-01720/2026,Caturaí,GO,5205208,Setor Dianopolis,520520805000007,6,Centro-Oeste
07/09,BR-01720/2026,Cidade Ocidental,GO,5205497,Centro,520549705000009,6,Centro-Oeste
07/09,BR-01720/2026,Cidade Ocidental,GO,5205497,Recreio Mossoro,520549705000108,6,Centro-Oeste
07/09,BR-01720/2026,Coari,AM,1301209,Espírito Santo,130120905000005,6,Norte
07/09,BR-01720/2026,Coari,AM,1301209,Lauro Sodre,130120905000050,6,Norte
07/09,BR-01720/2026,Coari,AM,1301209,União,130120905000145,6,Norte
07/09,BR-01720/2026,Conchal,SP,3512209,Jardim Bela Vista,351220905000010,6,Sudeste
07/09,BR-01720/2026,Conchal,SP,3512209,Chacara Visconde De Indaiatuba,351220905000039,6,Sudeste
07/09,BR-01720/2026,Conchal,SP,3512209,Centro,351220905000067,6,Sudeste
07/09,BR-01720/2026,Conselheiro Lafaiete,MG,3118304,Manoel Correa,311830405000020,6,Sudeste
07/09,BR-01720/2026,Conselheiro Lafaiete,MG,3118304,Rochedo,311830405000105,6,Sudeste
07/09,BR-01720/2026,Conselheiro Lafaiete,MG,3118304,Vila Resende,311830405000205,6,Sudeste
07/09,BR-01720/2026,Coração de Jesus,MG,3118809,Aeroporto,311880905000028,6,Sudeste
07/09,BR-01720/2026,Coração de Jesus,MG,3118809,Zona Rural,311880920000008,6,Sudeste
07/09,BR-01720/2026,Criciúma,SC,4204608,Centro,420460805000213,6,Sul
07/09,BR-01720/2026,Criciúma,SC,4204608,Pedro Zanivan,420460805000482,6,Sul
07/09,BR-01720/2026,Criciúma,SC,4204608,Vila Nova Esperança,420460815000153,6,Sul
07/09,BR-01720/2026,Cuiabá,MT,5103403,Porto,510340305410013,6,Centro-Oeste
07/09,BR-01720/2026,Cuiabá,MT,5103403,Morada Da Serra,510340310400035,6,Centro-Oeste
07/09,BR-01720/2026,Cuiabá,MT,5103403,Tijucal,510340310430068,6,Centro-Oeste
07/09,BR-01720/2026,Curitiba,PR,4106902,Boqueirão,410690205020531,6,Sul
07/09,BR-01720/2026,Curitiba,PR,4106902,Botiatuvinha,410690205050370,6,Sul
07/09,BR-01720/2026,Curitiba,PR,4106902,Cidade Industrial De Curitiba,410690205090160,6,Sul
07/09,BR-01720/2026,Diadema,SP,3513801,Campanário,351380105000059,6,Sudeste
07/09,BR-01720/2026,Diadema,SP,3513801,Campanário,351380105000569,6,Sudeste
07/09,BR-01720/2026,Entre Rios,BA,2910503,Zona Rural,291050305000051,6,Nordeste
07/09,BR-01720/2026,Entre Rios,BA,2910503,Porto De Sauipe,291050315000043,6,Nordeste
07/09,BR-01720/2026,Esmeraldas,MG,3124104,Centro,312410405000137,6,Sudeste
07/09,BR-01720/2026,Esmeraldas,MG,3124104,Centro,312410405000269,6,Sudeste
07/09,BR-01720/2026,Fernandópolis,SP,3515509,Vila Mioto,351550905000028,6,Sudeste
07/09,BR-01720/2026,Fernandópolis,SP,3515509,Conjunto Habitacional Fernandopolis h,351550905000155,6,Sudeste
07/09,BR-01720/2026,Floresta Azul,BA,2911006,Centro,291100605000007,6,Nordeste
07/09,BR-01720/2026,Floresta Azul,BA,2911006,Teta Matos,291100605000027,6,Nordeste
07/09,BR-01720/2026,Florianópolis,SC,4205407,Centro,420540705000047,6,Sul
07/09,BR-01720/2026,Florianópolis,SC,4205407,Agronômica,420540705000492,6,Sul
07/09,BR-01720/2026,Florianópolis,SC,4205407,Jurere Leste,420540715000059,6,Sul
07/09,BR-01720/2026,Fortaleza,CE,2304400,Jacarecanga,230440005140157,6,Nordeste
07/09,BR-01720/2026,Fortaleza,CE,2304400,Passaré,230440005180018,6,Nordeste
07/09,BR-01720/2026,Fortaleza,CE,2304400,Jangurussu,230440005210289,6,Nordeste
07/09,BR-01720/2026,Goiânia,GO,5208707,U.t.p. Negrão De Lima,520870705240037,6,Centro-Oeste
07/09,BR-01720/2026,Goiânia,GO,5208707,U.t.p. São Domingos,520870705550016,6,Centro-Oeste
07/09,BR-01720/2026,Guarulhos,SP,3518800,Itapegica,351880005000129,6,Sudeste
07/09,BR-01720/2026,Guarulhos,SP,3518800,Picanço,351880005001537,6,Sudeste
07/09,BR-01720/2026,Gurupi,TO,1709500,Parque Residencial Nova Fronteira,170950005000032,6,Norte
07/09,BR-01720/2026,Gurupi,TO,1709500,Jardim Eldorado,170950005000088,6,Norte
07/09,BR-01720/2026,Gurupi,TO,1709500,Alto Da Boa Vista,170950005000154,6,Norte
07/09,BR-01720/2026,Indaiatuba,SP,3520509,Jardim Sao Luiz,352050905000045,6,Sudeste
07/09,BR-01720/2026,Indaiatuba,SP,3520509,Jardim Itamaraca,352050905000338,6,Sudeste
07/09,BR-01720/2026,Ingá,PB,2506806,Imbioca,250680605000008,6,Nordeste
07/09,BR-01720/2026,Ingá,PB,2506806,Cazuzinha,250680605000020,6,Nordeste
07/09,BR-01720/2026,Ingá,PB,2506806,Povoado Neta,250680607000005,6,Nordeste
07/09,BR-01720/2026,Inhapim,MG,3130903,Cachoeirinha,313090305000019,6,Sudeste
07/09,BR-01720/2026,Inhapim,MG,3130903,Pega Bem,313090305000021,6,Sudeste
07/09,BR-01720/2026,Ipirá,BA,2914000,Salgado,291400005000043,6,Nordeste
07/09,BR-01720/2026,Ipirá,BA,2914000,Distrito Bonfim,291400015000001,6,Nordeste
07/09,BR-01720/2026,Itaituba,PA,1503606,São Tomé,150360605000046,6,Norte
07/09,BR-01720/2026,Itaituba,PA,1503606,Jardim América,150360605000174,6,Norte
07/09,BR-01720/2026,Itaituba,PA,1503606,Jardim Das Araras,150360605000319,6,Norte
07/09,BR-01720/2026,Itanhaém,SP,3522109,Loty,352210905000153,6,Sudeste
07/09,BR-01720/2026,Itanhaém,SP,3522109,Jamaica - Interior,352210905000348,6,Sudeste
07/09,BR-01720/2026,Itaquaquecetuba,SP,3523107,Perobal,352310705000273,6,Sudeste
07/09,BR-01720/2026,Itaquaquecetuba,SP,3523107,Ribeiro,352310705000683,6,Sudeste
07/09,BR-01720/2026,Jaboatão dos Guararapes,PE,2607901,Cajueiro Seco,260790105000051,6,Nordeste
07/09,BR-01720/2026,Jaboatão dos Guararapes,PE,2607901,Candeias,260790105000654,6,Nordeste
07/09,BR-01720/2026,Jaboatão dos Guararapes,PE,2607901,Dois Carneiros,260790110000241,6,Nordeste
07/09,BR-01720/2026,Japaratuba,SE,2803302,Sao Jose,280330205000025,6,Nordeste
07/09,BR-01720/2026,Japaratuba,SE,2803302,Centro,280330205000052,6,Nordeste
07/09,BR-01720/2026,Japaratuba,SE,2803302,Centro,280330205000069,6,Nordeste
07/09,BR-01720/2026,Japeri,RJ,3302270,Nova Belém,330227005010015,6,Sudeste
07/09,BR-01720/2026,Japeri,RJ,3302270,Aljezur,330227005020053,6,Sudeste
07/09,BR-01720/2026,Jundiaí,SP,3525904,São Camilo,352590405000714,6,Sudeste
07/09,BR-01720/2026,Jundiaí,SP,3525904,Água Doce,352590405001384,6,Sudeste
07/09,BR-01720/2026,Laranjal do Jari,AP,1600279,Agreste,160027905000024,6,Norte
07/09,BR-01720/2026,Laranjal do Jari,AP,1600279,Cajary Ii,160027905000076,6,Norte
07/09,BR-01720/2026,Lourdes,SP,3527256,Cohab Camilo Nunes Filho,352725605000011,6,Sudeste
07/09,BR-01720/2026,Lourdes,SP,3527256,Centro,352725605000013,6,Sudeste
07/09,BR-01720/2026,Mairiporã,SP,3528502,Jardins Mairipora,352850205000172,6,Sudeste
07/09,BR-01720/2026,Mairiporã,SP,3528502,Roseira,352850205000414,6,Sudeste
07/09,BR-01720/2026,Manaus,AM,1302603,Santo Antônio,130260305070061,6,Norte
07/09,BR-01720/2026,Manaus,AM,1302603,Aleixo,130260305110090,6,Norte
07/09,BR-01720/2026,Manaus,AM,1302603,Colônia Terra Nova,130260305120853,6,Norte
07/09,BR-01720/2026,Maragogipe,BA,2920601,Centro,292060105000021,6,Nordeste
07/09,BR-01720/2026,Maragogipe,BA,2920601,Guai,292060115000014,6,Nordeste
07/09,BR-01720/2026,Maragogipe,BA,2920601,Sao Roque Do Paraguacu,292060130000001,6,Nordeste
07/09,BR-01720/2026,Maricá,RJ,3302700,Itapeba,330270005000240,6,Sudeste
07/09,BR-01720/2026,Maricá,RJ,3302700,Itaipuacu,330270020000086,6,Sudeste
07/09,BR-01720/2026,Montenegro,RS,4312401,Centro,431240105000004,6,Sul
07/09,BR-01720/2026,Montenegro,RS,4312401,Aeroclube,431240105000070,6,Sul
07/09,BR-01720/2026,Mormaço,RS,4312427,Centro,431242705000001,6,Sul
07/09,BR-01720/2026,Mormaço,RS,4312427,Zona Rural,431242705000004,6,Sul
07/09,BR-01720/2026,Natal,RN,2408102,Pajuçara,240810205060274,6,Nordeste
07/09,BR-01720/2026,Natal,RN,2408102,Ponta Negra,240810205070288,6,Nordeste
07/09,BR-01720/2026,Natal,RN,2408102,Planalto,240810205090253,6,Nordeste
07/09,BR-01720/2026,Nuporanga,SP,3533601,Centro,353360105000021,6,Sudeste
07/09,BR-01720/2026,Nuporanga,SP,3533601,Residencial Terra Bela,353360105000031,6,Sudeste
07/09,BR-01720/2026,Olinda,PE,2609600,Peixinhos,260960005000126,6,Nordeste
07/09,BR-01720/2026,Olinda,PE,2609600,Águas Compridas,260960005000392,6,Nordeste
07/09,BR-01720/2026,Olinda,PE,2609600,Ouro Preto,260960005000664,6,Nordeste
07/09,BR-01720/2026,Osasco,SP,3534401,Rochdale,353440105000312,6,Sudeste
07/09,BR-01720/2026,Osasco,SP,3534401,Vila Yara,353440105001276,6,Sudeste
07/09,BR-01720/2026,Pacajá,PA,1505486,Alto Bonito,150548605000035,6,Norte
07/09,BR-01720/2026,Pacajá,PA,1505486,Tozetti,150548605000081,6,Norte
07/09,BR-01720/2026,Pacajá,PA,1505486,Km 312,150548610000007,6,Norte
07/09,BR-01720/2026,Parnaíba,PI,2207702,Piauí,220770205000082,6,Nordeste
07/09,BR-01720/2026,Parnaíba,PI,2207702,Vicente Correia,220770205000199,6,Nordeste
07/09,BR-01720/2026,Parnaíba,PI,2207702,Reis Veloso,220770205000314,6,Nordeste
07/09,BR-01720/2026,Pastos Bons,MA,2108009,Sao Jose,210800905000002,6,Nordeste
07/09,BR-01720/2026,Pastos Bons,MA,2108009,Lagoa Do Boi,210800905000018,6,Nordeste
07/09,BR-01720/2026,Pastos Bons,MA,2108009,Campo Agricola,210800905000033,6,Nordeste
07/09,BR-01720/2026,Pelotas,RS,4314407,Três Vendas,431440705130060,6,Sul
07/09,BR-01720/2026,Pelotas,RS,4314407,Fragata,431440705150128,6,Sul
07/09,BR-01720/2026,Pelotas,RS,4314407,Areal,431440705180118,6,Sul
07/09,BR-01720/2026,Petrópolis,RJ,3303906,Valparaiso,330390605000099,6,Sudeste
07/09,BR-01720/2026,Petrópolis,RJ,3303906,Itamarati,330390610000016,6,Sudeste
07/09,BR-01720/2026,Piracicaba,SP,3538709,Novo Horizonte,353870905000408,6,Sudeste
07/09,BR-01720/2026,Piracicaba,SP,3538709,Santa Terezinha,353870935000013,6,Sudeste
07/09,BR-01720/2026,Pompéu,MG,3152006,Trevo,315200605000004,6,Sudeste
07/09,BR-01720/2026,Pompéu,MG,3152006,São Francisco,315200605000048,6,Sudeste
07/09,BR-01720/2026,Pompéu,MG,3152006,Nossa Senhora Da Conceição,315200605000088,6,Sudeste
07/09,BR-01720/2026,Porto Belo,SC,4213500,Pereque,421350005000019,6,Sul
07/09,BR-01720/2026,Porto Belo,SC,4213500,Pereque,421350005000045,6,Sul
07/09,BR-01720/2026,Porto Belo,SC,4213500,Vila Nova,421350005000063,6,Sul
07/09,BR-01720/2026,Poço Fundo,MG,3151701,Dos Morais,315170105000019,6,Sudeste
07/09,BR-01720/2026,Poço Fundo,MG,3151701,Paiolinho,315170110000005,6,Sudeste
07/09,BR-01720/2026,Presidente Prudente,SP,3541406,Cecap,354140605000107,6,Sudeste
07/09,BR-01720/2026,Presidente Prudente,SP,3541406,Parque Sao Sebastiao,354140605000343,6,Sudeste
07/09,BR-01720/2026,Quixeramobim,CE,2311405,Jose Aurelio Camara,231140505000035,6,Nordeste
07/09,BR-01720/2026,Quixeramobim,CE,2311405,Jaime Lopes,231140505000093,6,Nordeste
07/09,BR-01720/2026,Quixeramobim,CE,2311405,Fazenda Canafistula,231140540000004,6,Nordeste
07/09,BR-01720/2026,Ribeirão das Neves,MG,3154606,Vale Das Acacias,315460605000246,6,Sudeste
07/09,BR-01720/2026,Ribeirão das Neves,MG,3154606,Maria Helena,315460610000236,6,Sudeste
07/09,BR-01720/2026,Rio Bananal,ES,3204351,Corrego Araujo,320435105000005,6,Sudeste
07/09,BR-01720/2026,Rio Bananal,ES,3204351,Sao Sebastiao,320435105000034,6,Sudeste
07/09,BR-01720/2026,Rio de Janeiro,RJ,3304557,Estácio,330455705080117,6,Sudeste
07/09,BR-01720/2026,Rio de Janeiro,RJ,3304557,Benfica,330455705120157,6,Sudeste
07/09,BR-01720/2026,Rio de Janeiro,RJ,3304557,Brás De Pina,330455705160293,6,Sudeste
07/09,BR-01720/2026,Rio de Janeiro,RJ,3304557,Todos Os Santos,330455705170575,6,Sudeste
07/09,BR-01720/2026,Rio de Janeiro,RJ,3304557,Quintino Bocaiúva,330455705200536,6,Sudeste
07/09,BR-01720/2026,Rio de Janeiro,RJ,3304557,Senador Camará,330455705220451,6,Sudeste
07/09,BR-01720/2026,Rio de Janeiro,RJ,3304557,Cosmos,330455705230624,6,Sudeste
07/09,BR-01720/2026,Rio de Janeiro,RJ,3304557,Santa Cruz,330455705240337,6,Sudeste
07/09,BR-01720/2026,Rio de Janeiro,RJ,3304557,Jardim Guanabara,330455705250104,6,Sudeste
07/09,BR-01720/2026,Rio de Janeiro,RJ,3304557,Camorim,330455705291026,6,Sudeste
07/09,BR-01720/2026,Rio de Janeiro,RJ,3304557,Acari,330455705300435,6,Sudeste
07/09,BR-01720/2026,Rio de Janeiro,RJ,3304557,Realengo,330455705370567,6,Sudeste
07/09,BR-01720/2026,Rondonópolis,MT,5107602,Jardim Liberdade,510760205000039,6,Centro-Oeste
07/09,BR-01720/2026,Rondonópolis,MT,5107602,Zona Rural,510760205000364,6,Centro-Oeste
07/09,BR-01720/2026,Russas,CE,2311801,Centro,231180105000051,6,Nordeste
07/09,BR-01720/2026,Russas,CE,2311801,Guanabara,231180105000119,6,Nordeste
07/09,BR-01720/2026,Russas,CE,2311801,Miguel Pereira,231180115000037,6,Nordeste
07/09,BR-01720/2026,Salvador,BA,2927408,Bairro Da Paz,292740805090055,6,Nordeste
07/09,BR-01720/2026,Salvador,BA,2927408,São Rafael,292740805180241,6,Nordeste
07/09,BR-01720/2026,Salvador,BA,2927408,Beiru / Tancredo Neves,292740805220259,6,Nordeste
07/09,BR-01720/2026,Salvador,BA,2927408,Cajazeiras Iv,292740805260415,6,Nordeste
07/09,BR-01720/2026,Santa Bárbara,MG,3157203,Sao Bernardo,315720305000005,6,Sudeste
07/09,BR-01720/2026,Santa Bárbara,MG,3157203,Mae Catarina,315720305000031,6,Sudeste
07/09,BR-01720/2026,Santa Luzia,PB,2513406,Centro,251340605000002,6,Nordeste
07/09,BR-01720/2026,Santa Luzia,PB,2513406,São José,251340605000013,6,Nordeste
07/09,BR-01720/2026,Santa Luzia,PB,2513406,São José,251340605000035,6,Nordeste
07/09,BR-01720/2026,Santo André,SP,3547809,Jardim Do Estádio,354780905000391,6,Sudeste
07/09,BR-01720/2026,Santo André,SP,3547809,Vila Helena,354780905001476,6,Sudeste
07/09,BR-01720/2026,Santo Antônio do Tauá,PA,1507003,Pina,150700305000004,6,Norte
07/09,BR-01720/2026,Santo Antônio do Tauá,PA,1507003,Moraeszao,150700305000017,6,Norte
07/09,BR-01720/2026,Santo Antônio do Tauá,PA,1507003,Agua Boa,150700310000004,6,Norte
07/09,BR-01720/2026,Santos,SP,3548500,Vila Belmiro,354850005000156,6,Sudeste
07/09,BR-01720/2026,Santos,SP,3548500,Boqueirão,354850005000851,6,Sudeste
07/09,BR-01720/2026,Sorocaba,SP,3552205,Vila Antao,355220505000066,6,Sudeste
07/09,BR-01720/2026,Sorocaba,SP,3552205,Jardim Goncalves,355220505000819,6,Sudeste
07/09,BR-01720/2026,Sousa,PB,2516201,Gato Preto,251620105000014,6,Nordeste
07/09,BR-01720/2026,Sousa,PB,2516201,Alto Da Rodoviaria,251620105000073,6,Nordeste
07/09,BR-01720/2026,Sousa,PB,2516201,Nucleo Habitacional 2,251620105000152,6,Nordeste
07/09,BR-01720/2026,Sumaré,SP,3552403,Ar3 - Administração Regional Do Matão,355240315000039,6,Sudeste
07/09,BR-01720/2026,Sumaré,SP,3552403,Ar3 - Administração Regional Do Matão,355240315000275,6,Sudeste
07/09,BR-01720/2026,São Bernardo do Campo,SP,3548708,Assunção,354870805000223,6,Sudeste
07/09,BR-01720/2026,São Bernardo do Campo,SP,3548708,Planalto,354870805001307,6,Sudeste
07/09,BR-01720/2026,São Cristóvão,SE,2806701,Rosa Maria,280670105000108,6,Nordeste
07/09,BR-01720/2026,São Cristóvão,SE,2806701,Divinéia,280670105000273,6,Nordeste
07/09,BR-01720/2026,São José do Rio Preto,SP,3549805,Bosque,354980505000678,6,Sudeste
07/09,BR-01720/2026,São José do Rio Preto,SP,3549805,Vila Toninho,354980510000037,6,Sudeste
07/09,BR-01720/2026,São José dos Campos,SP,3549904,Setor Socioeconômico 14,354990405000832,6,Sudeste
07/09,BR-01720/2026,São José dos Campos,SP,3549904,Setor Socioeconômico 27,354990410000062,6,Sudeste
07/09,BR-01720/2026,São Luís,MA,2111300,Sao Bernardo,211130005000583,6,Nordeste
07/09,BR-01720/2026,São Luís,MA,2111300,Maracana,211130005001123,6,Nordeste
07/09,BR-01720/2026,São Luís,MA,2111300,Joao De Deus,211130005002011,6,Nordeste
07/09,BR-01720/2026,São Paulo,SP,3550308,Jd Vl Formosa,355030804000024,6,Sudeste
07/09,BR-01720/2026,São Paulo,SP,3550308,Butanta,355030812000064,6,Sudeste
07/09,BR-01720/2026,São Paulo,SP,3550308,Campo Grande,355030816000181,6,Sudeste
07/09,BR-01720/2026,São Paulo,SP,3550308,Casa Verde Baixa,355030821000058,6,Sudeste
07/09,BR-01720/2026,São Paulo,SP,3550308,Jardim Sao Rafael,355030823000207,6,Sudeste
07/09,BR-01720/2026,São Paulo,SP,3550308,Jd Ipanema,355030824000062,6,Sudeste
07/09,BR-01720/2026,São Paulo,SP,3550308,Ermelino Matarazzo,355030828000052,6,Sudeste
07/09,BR-01720/2026,São Paulo,SP,3550308,Vila Carioca,355030834000355,6,Sudeste
07/09,BR-01720/2026,São Paulo,SP,3550308,Itaim Paulista,355030836000059,6,Sudeste
07/09,BR-01720/2026,São Paulo,SP,3550308,Jaragua,355030842000490,6,Sudeste
07/09,BR-01720/2026,São Paulo,SP,3550308,Vila Santa Lucia,355030843000588,6,Sudeste
07/09,BR-01720/2026,São Paulo,SP,3550308,Praca Brasil,355030847000041,6,Sudeste
07/09,BR-01720/2026,São Paulo,SP,3550308,Mooca,355030853000015,6,Sudeste
07/09,BR-01720/2026,São Paulo,SP,3550308,Jd Felicidade,355030863000342,6,Sudeste
07/09,BR-01720/2026,São Paulo,SP,3550308,Jardim Maria Estela,355030868000069,6,Sudeste
07/09,BR-01720/2026,São Paulo,SP,3550308,Santana,355030870000283,6,Sudeste
07/09,BR-01720/2026,São Paulo,SP,3550308,Cid Quarto Centenario,355030873000185,6,Sudeste
07/09,BR-01720/2026,São Paulo,SP,3550308,Jardim Dona Sinha,355030876000039,6,Sudeste
07/09,BR-01720/2026,São Paulo,SP,3550308,Parque Vitória,355030882000217,6,Sudeste
07/09,BR-01720/2026,São Paulo,SP,3550308,Vila Andrade,355030883000200,6,Sudeste
07/09,BR-01720/2026,São Paulo,SP,3550308,Vila Alpina,355030893000045,6,Sudeste
07/09,BR-01720/2026,São Paulo,SP,3550308,Jardim Colombo,355030894000180,6,Sudeste
07/09,BR-01720/2026,São Sebastião do Caí,RS,4319505,Navegantes,431950505000005,6,Sul
07/09,BR-01720/2026,São Sebastião do Caí,RS,4319505,Rio Branco,431950505000015,6,Sul
07/09,BR-01720/2026,São Tomé,PR,4126108,Centro,412610805000001,6,Sul
07/09,BR-01720/2026,São Tomé,PR,4126108,Rural,412610805000006,6,Sul
07/09,BR-01720/2026,São Tomé,PR,4126108,Centro,412610805000013,6,Sul
07/09,BR-01720/2026,Tocantínia,TO,1721109,Zona Rural,172110905000044,6,Norte
07/09,BR-01720/2026,Tocantínia,TO,1721109,Zona Rural,172110905000092,6,Norte
07/09,BR-01720/2026,Tracunhaém,PE,2615508,Zona Rural,261550805000014,6,Nordeste
07/09,BR-01720/2026,Tracunhaém,PE,2615508,Loteamento Cohab,261550805000026,6,Nordeste
07/09,BR-01720/2026,Tracunhaém,PE,2615508,Engenho Penedinho,261550805000036,6,Nordeste
07/09,BR-01720/2026,Tururu,CE,2313559,Estacao,231355905000004,6,Nordeste
07/09,BR-01720/2026,Tururu,CE,2313559,Alto Do Camelo,231355905000022,6,Nordeste
07/09,BR-01720/2026,Tururu,CE,2313559,Cemoaba,231355910000003,6,Nordeste
07/09,BR-01720/2026,Vertentes,PE,2616209,Dr. Ernildo Gonçalves,261620905000004,6,Nordeste
07/09,BR-01720/2026,Vertentes,PE,2616209,Luiz Soares,261620905000037,6,Nordeste
07/09,BR-01720/2026,Vertentes,PE,2616209,Junco,261620905000052,6,Nordeste
07/09,BR-01720/2026,Vila Velha,ES,3205200,Praia Da Costa,320520005060222,6,Sudeste
07/09,BR-01720/2026,Vila Velha,ES,3205200,Dom João Batista,320520015070032,6,Sudeste
07/09,BR-01720/2026,Vila Velha,ES,3205200,Riviera Da Barra,320520020100081,6,Sudeste
07/09,BR-01720/2026,Virginópolis,MG,3171808,Centro,317180805000005,6,Sudeste
07/09,BR-01720/2026,Virginópolis,MG,3171808,Corrego Da Bicuiba,317180805000027,6,Sudeste
07/09,BR-01720/2026,Vitória da Conquista,BA,2933307,Espírito Santo,293330705000341,6,Nordeste
07/09,BR-01720/2026,Vitória da Conquista,BA,2933307,Itapirema,293330720000009,6,Nordeste
07/09,BR-01720/2026,Volta Redonda,RJ,3306305,Sessenta,330630505000082,6,Sudeste
07/09,BR-01720/2026,Volta Redonda,RJ,3306305,Três Poços,330630505000549,6,Sudeste
07/09,BR-01720/2026,Votorantim,SP,3557006,Vila Nova,355700605000086,6,Sudeste
07/09,BR-01720/2026,Votorantim,SP,3557006,Parque Sicilia,355700605000254,6,Sudeste
14/09,BR-03607/2026,Acarape,CE,2300150,Centro,230015005000004,6,Nordeste
14/09,BR-03607/2026,Acarape,CE,2300150,Centro,230015005000022,6,Nordeste
14/09,BR-03607/2026,Acarape,CE,2300150,Pau Branco 2,230015005000045,6,Nordeste
14/09,BR-03607/2026,Almenara,MG,3101706,Monte Das Oliveiras,310170605000064,6,Sudeste
14/09,BR-03607/2026,Almenara,MG,3101706,Residencial Laranjeiras,310170605000117,6,Sudeste
14/09,BR-03607/2026,Alvorada D'Oeste,RO,1100346,Centro,110034605000009,6,Norte
14/09,BR-03607/2026,Alvorada D'Oeste,RO,1100346,Centro,110034605000034,6,Norte
14/09,BR-03607/2026,Alvorada D'Oeste,RO,1100346,Zona Rural,110034630000002,6,Norte
14/09,BR-03607/2026,Antônio Cardoso,BA,2901700,Oleiro,290170012000001,6,Nordeste
14/09,BR-03607/2026,Antônio Cardoso,BA,2901700,Santo Estevao Velho,290170020000003,6,Nordeste
14/09,BR-03607/2026,Aparecida do Rio Negro,TO,1701101,Centro,170110105000001,6,Norte
14/09,BR-03607/2026,Aparecida do Rio Negro,TO,1701101,Centro,170110105000003,6,Norte
14/09,BR-03607/2026,Aurora do Tocantins,TO,1702703,Vila Cardoso,170270305000002,6,Norte
14/09,BR-03607/2026,Aurora do Tocantins,TO,1702703,Zona Rural,170270305000003,6,Norte
14/09,BR-03607/2026,Açu,RN,2400208,Vertentes,240020805000010,6,Nordeste
14/09,BR-03607/2026,Açu,RN,2400208,Nova Trapiar,240020805000056,6,Nordeste
14/09,BR-03607/2026,Açu,RN,2400208,Quinta Do Farol,240020805000100,6,Nordeste
14/09,BR-03607/2026,Barueri,SP,3505708,Mutinga,350570805000193,6,Sudeste
14/09,BR-03607/2026,Barueri,SP,3505708,Belval,350570815000055,6,Sudeste
14/09,BR-03607/2026,Belford Roxo,RJ,3300456,Nova Aurora,330045605020009,6,Sudeste
14/09,BR-03607/2026,Belford Roxo,RJ,3300456,Glaucia,330045605040116,6,Sudeste
14/09,BR-03607/2026,Belo Horizonte,MG,3106200,Boa Viagem,310620005620529,6,Sudeste
14/09,BR-03607/2026,Belo Horizonte,MG,3106200,Mangabeiras,310620005620796,6,Sudeste
14/09,BR-03607/2026,Belo Horizonte,MG,3106200,Betânia,310620005670806,6,Sudeste
14/09,BR-03607/2026,Belo Horizonte,MG,3106200,Serrano,310620005680072,6,Sudeste
14/09,BR-03607/2026,Belo Horizonte,MG,3106200,Biquinhas,310620060660224,6,Sudeste
14/09,BR-03607/2026,Belém,PA,1501402,Mangueirão,150140245000253,6,Norte
14/09,BR-03607/2026,Belém,PA,1501402,Curió-Utinga,150140255000291,6,Norte
14/09,BR-03607/2026,Belém,PA,1501402,Telégrafo,150140275000101,6,Norte
14/09,BR-03607/2026,Bernardino de Campos,SP,3506300,Vila Porfirio,350630005000009,6,Sudeste
14/09,BR-03607/2026,Bernardino de Campos,SP,3506300,Jardim Lucrecia,350630005000023,6,Sudeste
14/09,BR-03607/2026,Betim,MG,3106705,Bandeirinhas,310670505010055,6,Sudeste
14/09,BR-03607/2026,Betim,MG,3106705,Guanabara,310670505040085,6,Sudeste
14/09,BR-03607/2026,Boa Vista,RR,1400100,Calunga,140010005000015,6,Norte
14/09,BR-03607/2026,Boa Vista,RR,1400100,Dr. Silvio Leite,140010005000204,6,Norte
14/09,BR-03607/2026,Boa Vista,RR,1400100,Cinturão Verde,140010005000377,6,Norte
14/09,BR-03607/2026,Bom Jesus do Itabapoana,RJ,3300605,Santa Rosa,330060505000013,6,Sudeste
14/09,BR-03607/2026,Bom Jesus do Itabapoana,RJ,3300605,Jardim Valéria,330060505000050,6,Sudeste
14/09,BR-03607/2026,Bom Jesus do Itabapoana,RJ,3300605,Calheiros,330060510000001,6,Sudeste
14/09,BR-03607/2026,Borba,AM,1300805,Centro,130080505000003,6,Norte
14/09,BR-03607/2026,Borba,AM,1300805,Uniao Da Vitoria,130080505000091,6,Norte
14/09,BR-03607/2026,Borba,AM,1300805,Recreio,130080505000107,6,Norte
14/09,BR-03607/2026,Brasília,DF,5300108,Gama,530010805070055,6,Centro-Oeste
14/09,BR-03607/2026,Brasília,DF,5300108,Planaltina,530010805110149,6,Centro-Oeste
14/09,BR-03607/2026,Brasília,DF,5300108,Ceilândia,530010805150294,6,Centro-Oeste
14/09,BR-03607/2026,Brasília,DF,5300108,Santa Maria,530010805250158,6,Centro-Oeste
14/09,BR-03607/2026,Brasília,DF,5300108,Itapoã,530010805380019,6,Centro-Oeste
14/09,BR-03607/2026,Cabo de Santo Agostinho,PE,2602902,Malaquias,260290205000021,6,Nordeste
14/09,BR-03607/2026,Cabo de Santo Agostinho,PE,2602902,Cohab,260290205000239,6,Nordeste
14/09,BR-03607/2026,Cabo de Santo Agostinho,PE,2602902,Engenho Ilha,260290215000071,6,Nordeste
14/09,BR-03607/2026,Cachoeira,BA,2904902,Tororo,290490205000040,6,Nordeste
14/09,BR-03607/2026,Cachoeira,BA,2904902,Comunidade Quilombola Acutinga,290490215000020,6,Nordeste
14/09,BR-03607/2026,Cachoeirinha,PE,2603108,Zona Rural,260310805000019,6,Nordeste
14/09,BR-03607/2026,Cachoeirinha,PE,2603108,Centro,260310805000037,6,Nordeste
14/09,BR-03607/2026,Cachoeirinha,PE,2603108,Cabanas,260310810000005,6,Nordeste
14/09,BR-03607/2026,Campinas,SP,3509502,Chacara Primavera,350950205000816,6,Sudeste
14/09,BR-03607/2026,Campinas,SP,3509502,Jardim Mirassol,350950220000050,6,Sudeste
14/09,BR-03607/2026,Campo Limpo Paulista,SP,3509601,Ville Saint James,350960105000143,6,Sudeste
14/09,BR-03607/2026,Campo Limpo Paulista,SP,3509601,Jardim Santa Maria,350960105000312,6,Sudeste
14/09,BR-03607/2026,Canaã dos Carajás,PA,1502152,Residencial Canaa,150215205000055,6,Norte
14/09,BR-03607/2026,Canaã dos Carajás,PA,1502152,Novo Horizonte,150215205000107,6,Norte
14/09,BR-03607/2026,Canaã dos Carajás,PA,1502152,Alto Bonito,150215205000157,6,Norte
14/09,BR-03607/2026,Canindé,CE,2302800,Palestina,230280005000011,6,Nordeste
14/09,BR-03607/2026,Canindé,CE,2302800,Palestina,230280005000070,6,Nordeste
14/09,BR-03607/2026,Canindé,CE,2302800,Zona Rural,230280011000004,6,Nordeste
14/09,BR-03607/2026,Caucaia,CE,2303709,Cabatan,230370905000176,6,Nordeste
14/09,BR-03607/2026,Caucaia,CE,2303709,Zona Rural,230370910000003,6,Nordeste
14/09,BR-03607/2026,Caucaia,CE,2303709,Nova Metrópole,230370917000189,6,Nordeste
14/09,BR-03607/2026,Colina,SP,3512001,Cohab 3,351200105000006,6,Sudeste
14/09,BR-03607/2026,Colina,SP,3512001,Vila Hipica,351200105000035,6,Sudeste
14/09,BR-03607/2026,Colombo,PR,4105805,Guaraituba,410580505000074,6,Sul
14/09,BR-03607/2026,Colombo,PR,4105805,São Gabriel,410580505000301,6,Sul
14/09,BR-03607/2026,Condado,PE,2604601,Centro,260460105000012,6,Nordeste
14/09,BR-03607/2026,Condado,PE,2604601,Centro,260460105000034,6,Nordeste
14/09,BR-03607/2026,Condado,PE,2604601,Centro,260460105000047,6,Nordeste
14/09,BR-03607/2026,Curitiba,PR,4106902,Centro,410690205010369,6,Sul
14/09,BR-03607/2026,Curitiba,PR,4106902,Pilarzinho,410690205040248,6,Sul
14/09,BR-03607/2026,Curitiba,PR,4106902,Pinheirinho,410690205070489,6,Sul
14/09,BR-03607/2026,Diadema,SP,3513801,Eldorado,351380105000259,6,Sudeste
14/09,BR-03607/2026,Diadema,SP,3513801,Vila Nogueira,351380105000755,6,Sudeste
14/09,BR-03607/2026,Duque de Caxias,RJ,3301702,Vinte e Cinco De Agosto,330170205000594,6,Sudeste
14/09,BR-03607/2026,Duque de Caxias,RJ,3301702,Barro Branco,330170215000079,6,Sudeste
14/09,BR-03607/2026,Feira de Santana,BA,2910800,Mangabeira,291080005060120,6,Nordeste
14/09,BR-03607/2026,Feira de Santana,BA,2910800,Muchila,291080005080292,6,Nordeste
14/09,BR-03607/2026,Floresta,PR,4107900,Jardim Caxias,410790005000010,6,Sul
14/09,BR-03607/2026,Floresta,PR,4107900,Jardim Monaco,410790005000023,6,Sul
14/09,BR-03607/2026,Floresta,PR,4107900,Jardim Araucaria 2,410790005000026,6,Sul
14/09,BR-03607/2026,Florianópolis,SC,4205407,Saco Dos Limões,420540705000369,6,Sul
14/09,BR-03607/2026,Florianópolis,SC,4205407,Campeche Sul,420540712000066,6,Sul
14/09,BR-03607/2026,Florianópolis,SC,4205407,Rio Vermelho,420540750000023,6,Sul
14/09,BR-03607/2026,Fortaleza,CE,2304400,Presidente Kennedy,230440005160271,6,Nordeste
14/09,BR-03607/2026,Fortaleza,CE,2304400,Jardim Das Oliveiras,230440005200346,6,Nordeste
14/09,BR-03607/2026,Fortaleza,CE,2304400,Bonsucesso,230440005240171,6,Nordeste
14/09,BR-03607/2026,Goiânia,GO,5208707,U.t.p. Parque Amazônia,520870705150058,6,Centro-Oeste
14/09,BR-03607/2026,Goiânia,GO,5208707,U.t.p. Baliza-Itaipu,520870705350009,6,Centro-Oeste
14/09,BR-03607/2026,Goiânia,GO,5208707,U.t.p. Finsocial,520870705560063,6,Centro-Oeste
14/09,BR-03607/2026,Guarapuava,PR,4109401,Vila Carli,410940105000072,6,Sul
14/09,BR-03607/2026,Guarapuava,PR,4109401,Santana,410940105000119,6,Sul
14/09,BR-03607/2026,Guarapuava,PR,4109401,Zona Rural,410940105000133,6,Sul
14/09,BR-03607/2026,Guarujá,SP,3518701,Virgínia,351870105000140,6,Sudeste
14/09,BR-03607/2026,Guarujá,SP,3518701,Pae Cará,351870110000052,6,Sudeste
14/09,BR-03607/2026,Guarulhos,SP,3518800,Gopoúva,351880005000204,6,Sudeste
14/09,BR-03607/2026,Guarulhos,SP,3518800,Invernada,351880005001603,6,Sudeste
14/09,BR-03607/2026,Guaxupé,MG,3128709,Aroeira,312870905000027,6,Sudeste
14/09,BR-03607/2026,Guaxupé,MG,3128709,Parque Dos Municipios i,312870905000052,6,Sudeste
14/09,BR-03607/2026,Ibateguara,AL,2703007,Centro,270300705000003,6,Nordeste
14/09,BR-03607/2026,Ibateguara,AL,2703007,Centro,270300705000016,6,Nordeste
14/09,BR-03607/2026,Ibateguara,AL,2703007,Centro,270300705000024,6,Nordeste
14/09,BR-03607/2026,Ibirubá,RS,4310009,Jardim,431000905000016,6,Sul
14/09,BR-03607/2026,Ibirubá,RS,4310009,Centro,431000905000044,6,Sul
14/09,BR-03607/2026,Itaberaí,GO,5210406,Vila Leonor,521040605000001,6,Centro-Oeste
14/09,BR-03607/2026,Itaberaí,GO,5210406,Vila Leonor,521040605000020,6,Centro-Oeste
14/09,BR-03607/2026,Itaberaí,GO,5210406,Alto Da Boa Vista,521040605000049,6,Centro-Oeste
14/09,BR-03607/2026,Itapetininga,SP,3522307,Vila Nastri,352230705000142,6,Sudeste
14/09,BR-03607/2026,Itapetininga,SP,3522307,Vila Alves,352230705000159,6,Sudeste
14/09,BR-03607/2026,Itaquara,BA,2916708,Centro,291670805000004,6,Nordeste
14/09,BR-03607/2026,Itaquara,BA,2916708,Itaquara,291670805000010,6,Nordeste
14/09,BR-03607/2026,Jacutinga,RS,4310900,Centro,431090005000012,6,Sul
14/09,BR-03607/2026,Jacutinga,RS,4310900,Centro,431090005000021,6,Sul
14/09,BR-03607/2026,Jacutinga,RS,4310900,Linha Lageado Salto,431090005000023,6,Sul
14/09,BR-03607/2026,Jataí,GO,5211909,Colmeia Park,521190905000080,6,Centro-Oeste
14/09,BR-03607/2026,Jataí,GO,5211909,Conjunto Sebastiao Herculano De Souza,521190905000198,6,Centro-Oeste
14/09,BR-03607/2026,Jaú,SP,3525300,Vila Nova Jau,352530005000034,6,Sudeste
14/09,BR-03607/2026,Jaú,SP,3525300,Residencial Frei Galvao,352530005000210,6,Sudeste
14/09,BR-03607/2026,Juara,MT,5105101,Paranagua,510510105000017,6,Centro-Oeste
14/09,BR-03607/2026,Juara,MT,5105101,Juara,510510105000046,6,Centro-Oeste
14/09,BR-03607/2026,Juara,MT,5105101,Catuai,510510115000008,6,Centro-Oeste
14/09,BR-03607/2026,Jundiaí,SP,3525904,Colônia,352590405000731,6,Sudeste
14/09,BR-03607/2026,Jundiaí,SP,3525904,Água Doce,352590405001404,6,Sudeste
14/09,BR-03607/2026,Jussara,BA,2918506,Jussara,291850605000021,6,Nordeste
14/09,BR-03607/2026,Jussara,BA,2918506,Cruel,291850610000015,6,Nordeste
14/09,BR-03607/2026,Laguna,SC,4209409,Progresso,420940905000040,6,Sul
14/09,BR-03607/2026,Laguna,SC,4209409,Progresso,420940905000076,6,Sul
14/09,BR-03607/2026,Laguna,SC,4209409,Cigana,420940905000141,6,Sul
14/09,BR-03607/2026,Lençóis,BA,2919306,Lencois,291930605000004,6,Nordeste
14/09,BR-03607/2026,Lençóis,BA,2919306,Lavrado,291930605000021,6,Nordeste
14/09,BR-03607/2026,Louveira,SP,3527306,Terra Da Uva,352730605000044,6,Sudeste
14/09,BR-03607/2026,Louveira,SP,3527306,Santo Antonio,352730605000111,6,Sudeste
14/09,BR-03607/2026,Macaíba,RN,2407104,Alfredo Mesquita,240710405000020,6,Nordeste
14/09,BR-03607/2026,Macaíba,RN,2407104,Mangabeira Zona De Expansao Urbana,240710405000126,6,Nordeste
14/09,BR-03607/2026,Macaíba,RN,2407104,Auta De Souza,240710405000189,6,Nordeste
14/09,BR-03607/2026,Manaus,AM,1302603,São Jorge,130260305070131,6,Norte
14/09,BR-03607/2026,Manaus,AM,1302603,Parque 10 De Novembro,130260305110177,6,Norte
14/09,BR-03607/2026,Manaus,AM,1302603,Tarumã,130260305130008,6,Norte
14/09,BR-03607/2026,Maranguape,CE,2307700,Guabiraba,230770005000031,6,Nordeste
14/09,BR-03607/2026,Maranguape,CE,2307700,Outra Banda,230770005000139,6,Nordeste
14/09,BR-03607/2026,Maranguape,CE,2307700,Papara,230770032000002,6,Nordeste
14/09,BR-03607/2026,Maringá,PR,4115200,Zona 7,411520005070042,6,Sul
14/09,BR-03607/2026,Maringá,PR,4115200,Zona 28,411520005280007,6,Sul
14/09,BR-03607/2026,Maringá,PR,4115200,Zona 44,411520005440004,6,Sul
14/09,BR-03607/2026,Marília,SP,3529005,Palmital,352900505000087,6,Sudeste
14/09,BR-03607/2026,Marília,SP,3529005,Antonio Carlos Nascimento Da Silva,352900505000438,6,Sudeste
14/09,BR-03607/2026,Mata Grande,AL,2705002,Ouricuri,270500205000009,6,Nordeste
14/09,BR-03607/2026,Mata Grande,AL,2705002,Uniao,270500205000043,6,Nordeste
14/09,BR-03607/2026,Mata Grande,AL,2705002,Lamarao,270500205000074,6,Nordeste
14/09,BR-03607/2026,Matão,SP,3529302,Jardim Cambui,352930205000012,6,Sudeste
14/09,BR-03607/2026,Matão,SP,3529302,Nova Cidade,352930205000118,6,Sudeste
14/09,BR-03607/2026,Moju,PA,1504703,Aviacao,150470305000014,6,Norte
14/09,BR-03607/2026,Moju,PA,1504703,Vila Erasmo,150470305000177,6,Norte
14/09,BR-03607/2026,Moju,PA,1504703,Zona Rural,150470310000016,6,Norte
14/09,BR-03607/2026,Nanuque,MG,3144300,Feirinha,314430005000018,6,Sudeste
14/09,BR-03607/2026,Nanuque,MG,3144300,Vila Esperança,314430005000039,6,Sudeste
14/09,BR-03607/2026,Nanuque,MG,3144300,Nossa Senhora De Fátima,314430005000066,6,Sudeste
14/09,BR-03607/2026,Natal,RN,2408102,Redinha,240810205060374,6,Nordeste
14/09,BR-03607/2026,Natal,RN,2408102,Alecrim,240810205080115,6,Nordeste
14/09,BR-03607/2026,Natal,RN,2408102,Planalto,240810205090362,6,Nordeste
14/09,BR-03607/2026,Niterói,RJ,3303302,Fonseca,330330205000538,6,Sudeste
14/09,BR-03607/2026,Niterói,RJ,3303302,Jacaré,330330205001321,6,Sudeste
14/09,BR-03607/2026,Nova Iguaçu,RJ,3303500,Rancho Novo,330350005100144,6,Sudeste
14/09,BR-03607/2026,Nova Iguaçu,RJ,3303500,Marapicu,330350005160170,6,Sudeste
14/09,BR-03607/2026,Oeiras,PI,2207009,Zona Rural,220700905000038,6,Nordeste
14/09,BR-03607/2026,Oeiras,PI,2207009,Uberaba,220700905000094,6,Nordeste
14/09,BR-03607/2026,Oeiras,PI,2207009,Oeiras Nova,220700905000127,6,Nordeste
14/09,BR-03607/2026,Orleans,SC,4211702,Barra Do Rio Novo,421170205000035,6,Sul
14/09,BR-03607/2026,Orleans,SC,4211702,Lomba,421170205000106,6,Sul
14/09,BR-03607/2026,Orleans,SC,4211702,Rio Belo,421170205000136,6,Sul
14/09,BR-03607/2026,Osasco,SP,3534401,Munhoz Júnior,353440105000460,6,Sudeste
14/09,BR-03607/2026,Osasco,SP,3534401,Ayrosa,353440105001383,6,Sudeste
14/09,BR-03607/2026,Ouricuri,PE,2609907,Sitio Chapada Do Tamboril,260990705000045,6,Nordeste
14/09,BR-03607/2026,Ouricuri,PE,2609907,Chapadinha,260990705000102,6,Nordeste
14/09,BR-03607/2026,Ouricuri,PE,2609907,Estrada Para Trindade,260990710000023,6,Nordeste
14/09,BR-03607/2026,Ourinhos,SP,3534708,Parque Minas Gerais,353470805000237,6,Sudeste
14/09,BR-03607/2026,Ourinhos,SP,3534708,Jardim Itajubi,353470805000399,6,Sudeste
14/09,BR-03607/2026,Patos,PB,2510808,Liberdade,251080805000033,6,Nordeste
14/09,BR-03607/2026,Patos,PB,2510808,Santo Antônio,251080805000118,6,Nordeste
14/09,BR-03607/2026,Patos,PB,2510808,Machado,251080805000196,6,Nordeste
14/09,BR-03607/2026,Piranhas,AL,2707107,Xingo,270710705000007,6,Nordeste
14/09,BR-03607/2026,Piranhas,AL,2707107,Boa Vista,270710705000018,6,Nordeste
14/09,BR-03607/2026,Piranhas,AL,2707107,Piau,270710710000017,6,Nordeste
14/09,BR-03607/2026,Planaltina,GO,5217609,Setor Sul,521760905000043,6,Centro-Oeste
14/09,BR-03607/2026,Planaltina,GO,5217609,Setor Sul,521760905000136,6,Centro-Oeste
14/09,BR-03607/2026,Porteirinha,MG,3152204,Aurora,315220405000017,6,Sudeste
14/09,BR-03607/2026,Porteirinha,MG,3152204,Renascenca,315220405000066,6,Sudeste
14/09,BR-03607/2026,Porteirinha,MG,3152204,Barreiro Dantas 1,315220416000003,6,Sudeste
14/09,BR-03607/2026,Porto Alegre,RS,4314902,Nonoai,431490205000798,6,Sul
14/09,BR-03607/2026,Porto Alegre,RS,4314902,Jardim Lindóia,431490205001786,6,Sul
14/09,BR-03607/2026,Porto Alegre,RS,4314902,Teresópolis,431490205002720,6,Sul
14/09,BR-03607/2026,Recife,PE,2611606,Boa Vista,261160605180089,6,Nordeste
14/09,BR-03607/2026,Recife,PE,2611606,Espinheiro,261160605200570,6,Nordeste
14/09,BR-03607/2026,Recife,PE,2611606,Jardim São Paulo,261160605220392,6,Nordeste
14/09,BR-03607/2026,Resende,RJ,3304201,Vila Julieta,330420105000055,6,Sudeste
14/09,BR-03607/2026,Resende,RJ,3304201,Morada Do Contorno,330420105000273,6,Sudeste
14/09,BR-03607/2026,Riachinho,MG,3154457,Centro,315445705000001,6,Sudeste
14/09,BR-03607/2026,Riachinho,MG,3154457,Zona Rural,315445705000015,6,Sudeste
14/09,BR-03607/2026,Riachinho,MG,3154457,Centro,315445705000026,6,Sudeste
14/09,BR-03607/2026,Rio Grande,RS,4315602,Unidade Censitária 06,431560205060012,6,Sul
14/09,BR-03607/2026,Rio Grande,RS,4315602,Unidade Censitária 18,431560205180002,6,Sul
14/09,BR-03607/2026,Rio Grande,RS,4315602,Unidade Censitária 34,431560205340033,6,Sul
14/09,BR-03607/2026,Rio Paranaíba,MG,3155504,Fazenda Salsa,315550405000018,6,Sudeste
14/09,BR-03607/2026,Rio Paranaíba,MG,3155504,Jardim Primavera,315550405000033,6,Sudeste
14/09,BR-03607/2026,Rio Piracicaba,MG,3155702,Centro,315570205000004,6,Sudeste
14/09,BR-03607/2026,Rio Piracicaba,MG,3155702,Corrego Sao Miguel,315570205000008,6,Sudeste
14/09,BR-03607/2026,Rio de Janeiro,RJ,3304557,Laranjeiras,330455705090367,6,Sudeste
14/09,BR-03607/2026,Rio de Janeiro,RJ,3304557,Tijuca,330455705130362,6,Sudeste
14/09,BR-03607/2026,Rio de Janeiro,RJ,3304557,Cavalcanti,330455705200072,6,Sudeste
14/09,BR-03607/2026,Rio de Janeiro,RJ,3304557,Freguesia (Jacarepaguá),330455705210999,6,Sudeste
14/09,BR-03607/2026,Rio de Janeiro,RJ,3304557,Vila Kennedy,330455705220255,6,Sudeste
14/09,BR-03607/2026,Rio de Janeiro,RJ,3304557,Cosmos,330455705230422,6,Sudeste
14/09,BR-03607/2026,Rio de Janeiro,RJ,3304557,Santa Cruz,330455705240130,6,Sudeste
14/09,BR-03607/2026,Rio de Janeiro,RJ,3304557,Barra Da Tijuca,330455705290603,6,Sudeste
14/09,BR-03607/2026,Rio de Janeiro,RJ,3304557,Itanhangá,330455705291077,6,Sudeste
14/09,BR-03607/2026,Rio de Janeiro,RJ,3304557,Barra Da Tijuca,330455705291127,6,Sudeste
14/09,BR-03607/2026,Rio de Janeiro,RJ,3304557,Realengo,330455705370300,6,Sudeste
14/09,BR-03607/2026,Rio de Janeiro,RJ,3304557,Parada De Lucas,330455705390246,6,Sudeste
14/09,BR-03607/2026,Rondonópolis,MT,5107602,Sao Francisco,510760205000198,6,Centro-Oeste
14/09,BR-03607/2026,Rondonópolis,MT,5107602,Carlos Bezerra 2,510760230000018,6,Centro-Oeste
14/09,BR-03607/2026,Sabará,MG,3156700,Sabara,315670005000051,6,Sudeste
14/09,BR-03607/2026,Sabará,MG,3156700,Itacolomi,315670010000114,6,Sudeste
14/09,BR-03607/2026,Salinas,MG,3157005,Raquel,315700505000017,6,Sudeste
14/09,BR-03607/2026,Salinas,MG,3157005,Progresso,315700505000050,6,Sudeste
14/09,BR-03607/2026,Salinas,MG,3157005,Centro,315700525000009,6,Sudeste
14/09,BR-03607/2026,Salvador,BA,2927408,Costa Azul,292740805060215,6,Nordeste
14/09,BR-03607/2026,Salvador,BA,2927408,Fazenda Coutos,292740805130120,6,Nordeste
14/09,BR-03607/2026,Salvador,BA,2927408,Nova Brasília,292740805180791,6,Nordeste
14/09,BR-03607/2026,Salvador,BA,2927408,Cabula Vi,292740805220791,6,Nordeste
14/09,BR-03607/2026,Santa Bárbara d'Oeste,SP,3545803,Jardim Residencial Mariana,354580305000292,6,Sudeste
14/09,BR-03607/2026,Santa Bárbara d'Oeste,SP,3545803,Jardim Europa 1,354580305000498,6,Sudeste
14/09,BR-03607/2026,Santa Cruz do Rio Pardo,SP,3546405,Jardim Eldorado,354640505000076,6,Sudeste
14/09,BR-03607/2026,Santa Cruz do Rio Pardo,SP,3546405,Conjunto Habitacional Nagib Queiroz,354640505000146,6,Sudeste
14/09,BR-03607/2026,Santana de Parnaíba,SP,3547304,Alphaville 9,354730405000012,6,Sudeste
14/09,BR-03607/2026,Santana de Parnaíba,SP,3547304,Bairro Poupanca,354730405000210,6,Sudeste
14/09,BR-03607/2026,Santana do Cariri,CE,2312106,Zona Rural,231210605000027,6,Nordeste
14/09,BR-03607/2026,Santana do Cariri,CE,2312106,Brejo Grande,231210620000001,6,Nordeste
14/09,BR-03607/2026,Santana do Cariri,CE,2312106,Palmeira,231210640000012,6,Nordeste
14/09,BR-03607/2026,Santo Antônio do Leverger,MT,5107800,Olho d Agua,510780005000008,6,Centro-Oeste
14/09,BR-03607/2026,Santo Antônio do Leverger,MT,5107800,Altos Do Leverger,510780005000025,6,Centro-Oeste
14/09,BR-03607/2026,Santo Antônio do Leverger,MT,5107800,Zona Rural,510780017000004,6,Centro-Oeste
14/09,BR-03607/2026,Santos,SP,3548500,Rádio Clube,354850005000598,6,Sudeste
14/09,BR-03607/2026,Santos,SP,3548500,Morro Caneleira,354850005001231,6,Sudeste
14/09,BR-03607/2026,Sapucaia do Sul,RS,4320008,Centro,432000805000001,6,Sul
14/09,BR-03607/2026,Sapucaia do Sul,RS,4320008,Cohab,432000805000105,6,Sul
14/09,BR-03607/2026,Sapucaia do Sul,RS,4320008,Vargas,432000805000204,6,Sul
14/09,BR-03607/2026,Schroeder,SC,4217402,Rio Hern,421740205000023,6,Sul
14/09,BR-03607/2026,Schroeder,SC,4217402,Itoupava Acu,421740205000042,6,Sul
14/09,BR-03607/2026,Schroeder,SC,4217402,Centro Sul,421740205000061,6,Sul
14/09,BR-03607/2026,Severínia,SP,3551900,Vila Santo Antonio,355190005000017,6,Sudeste
14/09,BR-03607/2026,Severínia,SP,3551900,Cdhu,355190005000038,6,Sudeste
14/09,BR-03607/2026,Sumaré,SP,3552403,Ar5 - Administração Regional Do Maria Antônia,355240315000016,6,Sudeste
14/09,BR-03607/2026,Sumaré,SP,3552403,Ar2 - Administração Regional De Nova Veneza,355240315000253,6,Sudeste
14/09,BR-03607/2026,São Caetano de Odivelas,PA,1507102,Pepeua,150710205000002,6,Norte
14/09,BR-03607/2026,São Caetano de Odivelas,PA,1507102,Cachoeira,150710205000018,6,Norte
14/09,BR-03607/2026,São Caetano de Odivelas,PA,1507102,Cachoeira,150710205000054,6,Norte
14/09,BR-03607/2026,São Caetano do Sul,SP,3548807,Oswaldo Cruz,354880705000064,6,Sudeste
14/09,BR-03607/2026,São Caetano do Sul,SP,3548807,Santa Maria,354880705000373,6,Sudeste
14/09,BR-03607/2026,São José dos Campos,SP,3549904,Setor Socioeconômico 17,354990405000236,6,Sudeste
14/09,BR-03607/2026,São José dos Campos,SP,3549904,Setor Socioeconômico 20,354990405001206,6,Sudeste
14/09,BR-03607/2026,São José dos Pinhais,PR,4125506,Pedro Moro,412550605000029,6,Sul
14/09,BR-03607/2026,São José dos Pinhais,PR,4125506,Parque Da Fonte,412550605000235,6,Sul
14/09,BR-03607/2026,São José dos Pinhais,PR,4125506,Rio Pequeno,412550605000434,6,Sul
14/09,BR-03607/2026,São Luís,MA,2111300,Centro,211130005000002,6,Nordeste
14/09,BR-03607/2026,São Luís,MA,2111300,Jardim Sao Cristovao Ii,211130005000591,6,Nordeste
14/09,BR-03607/2026,São Luís,MA,2111300,Vila Maranhao,211130005001301,6,Nordeste
14/09,BR-03607/2026,São Paulo,SP,3550308,Vila Continental,355030813000030,6,Sudeste
14/09,BR-03607/2026,São Paulo,SP,3550308,Jardim Paris,355030817000016,6,Sudeste
14/09,BR-03607/2026,São Paulo,SP,3550308,Cangaiba,355030818000122,6,Sudeste
14/09,BR-03607/2026,São Paulo,SP,3550308,Casa Verde Baixa,355030821000058,6,Sudeste
14/09,BR-03607/2026,São Paulo,SP,3550308,Jardim Colonial,355030823000040,6,Sudeste
14/09,BR-03607/2026,São Paulo,SP,3550308,Prestes Maia,355030825000403,6,Sudeste
14/09,BR-03607/2026,São Paulo,SP,3550308,Felicia,355030830000081,6,Sudeste
14/09,BR-03607/2026,São Paulo,SP,3550308,Conjunto Habitacional A. E. Carvalho,355030837000103,6,Sudeste
14/09,BR-03607/2026,São Paulo,SP,3550308,Jabaquara,355030838000802,6,Sudeste
14/09,BR-03607/2026,São Paulo,SP,3550308,Jardim Paulistano,355030842000640,6,Sudeste
14/09,BR-03607/2026,São Paulo,SP,3550308,Jardim Nakamura,355030843000790,6,Sudeste
14/09,BR-03607/2026,São Paulo,SP,3550308,Mooca,355030853000016,6,Sudeste
14/09,BR-03607/2026,São Paulo,SP,3550308,Penha,355030859000256,6,Sudeste
14/09,BR-03607/2026,São Paulo,SP,3550308,Piqueri,355030863000497,6,Sudeste
14/09,BR-03607/2026,São Paulo,SP,3550308,Santana,355030870000283,6,Sudeste
14/09,BR-03607/2026,São Paulo,SP,3550308,Alto Da Boa Vista,355030871000308,6,Sudeste
14/09,BR-03607/2026,São Paulo,SP,3550308,Jardim Colonial,355030873000075,6,Sudeste
14/09,BR-03607/2026,São Paulo,SP,3550308,Sao Paulo,355030882000217,6,Sudeste
14/09,BR-03607/2026,São Paulo,SP,3550308,Vila Curuca,355030884000147,6,Sudeste
14/09,BR-03607/2026,São Paulo,SP,3550308,Vila Formosa,355030885000039,6,Sudeste
14/09,BR-03607/2026,São Paulo,SP,3550308,Vila Alpina,355030893000045,6,Sudeste
14/09,BR-03607/2026,São Paulo,SP,3550308,Vila Sonia,355030894000308,6,Sudeste
14/09,BR-03607/2026,São Pedro da Aldeia,RJ,3305208,Morro Do Milagre,330520805070061,6,Sudeste
14/09,BR-03607/2026,São Pedro da Aldeia,RJ,3305208,Baixo Grande,330520805090129,6,Sudeste
14/09,BR-03607/2026,Tabuleiro,MG,3167905,Lajinha,316790505000002,6,Sudeste
14/09,BR-03607/2026,Tabuleiro,MG,3167905,Centro,316790505000012,6,Sudeste
14/09,BR-03607/2026,Tapes,RS,4321105,Centro,432110505000010,6,Sul
14/09,BR-03607/2026,Tapes,RS,4321105,Pinvest,432110505000024,6,Sul
14/09,BR-03607/2026,Teresina,PI,2211001,Cristo Rei,221100105060151,6,Nordeste
14/09,BR-03607/2026,Teresina,PI,2211001,Bom Jesus,221100105080132,6,Nordeste
14/09,BR-03607/2026,Teresina,PI,2211001,Morada Nova,221100105100064,6,Nordeste
14/09,BR-03607/2026,Timon,MA,2112209,São Francisco Ii,211220905000006,6,Nordeste
14/09,BR-03607/2026,Timon,MA,2112209,Zona Rural,211220905000100,6,Nordeste
14/09,BR-03607/2026,Timon,MA,2112209,Planalto Boa Esperança,211220905000233,6,Nordeste
14/09,BR-03607/2026,Tucano,BA,2931905,Caldas Do Jorro,293190505000043,6,Nordeste
14/09,BR-03607/2026,Tucano,BA,2931905,Centro,293190505000128,6,Nordeste
14/09,BR-03607/2026,Uberaba,MG,3170107,Amoroso Costa,317010705000439,6,Sudeste
14/09,BR-03607/2026,Uberaba,MG,3170107,Costa Teles,317010705000909,6,Sudeste
14/09,BR-03607/2026,Varginha,MG,3170701,Jardim Andere,317070105000015,6,Sudeste
14/09,BR-03607/2026,Varginha,MG,3170701,Rezende,317070105000190,6,Sudeste
14/09,BR-03607/2026,Varzedo,BA,2933174,Barro,293317405000012,6,Nordeste
14/09,BR-03607/2026,Varzedo,BA,2933174,Fazenda Rio Da Dona,293317425000007,6,Nordeste
14/09,BR-03607/2026,Venda Nova do Imigrante,ES,3205069,Vila Da Mata,320506905000005,6,Sudeste
14/09,BR-03607/2026,Venda Nova do Imigrante,ES,3205069,Vila Betanea,320506905000033,6,Sudeste
14/09,BR-03607/2026,Vespasiano,MG,3171204,Gavea Ii,317120405000158,6,Sudeste
14/09,BR-03607/2026,Vespasiano,MG,3171204,Nova Pampulha,317120405000370,6,Sudeste
14/09,BR-03607/2026,Videira,SC,4219309,Farroupilha,421930905000014,6,Sul
14/09,BR-03607/2026,Videira,SC,4219309,Universitário,421930905000059,6,Sul
14/09,BR-03607/2026,Videira,SC,4219309,Cetrevi,421930905000146,6,Sul
14/09,BR-03607/2026,Vila Velha,ES,3205200,Praia Da Costa,320520005060233,6,Sudeste
14/09,BR-03607/2026,Vila Velha,ES,3205200,Ataíde,320520015070043,6,Sudeste
14/09,BR-03607/2026,Vila Velha,ES,3205200,Riviera Da Barra,320520020100093,6,Sudeste
14/09,BR-03607/2026,Vinhedo,SP,3556701,Santa Claudina,355670105000053,6,Sudeste
14/09,BR-03607/2026,Vinhedo,SP,3556701,Capela,355670105000140,6,Sudeste
14/09,BR-03607/2026,Vitória de Santo Antão,PE,2616407,Alto José Leal,261640705000065,6,Nordeste
14/09,BR-03607/2026,Vitória de Santo Antão,PE,2616407,Nossa Senhora Do Amparo,261640705000170,6,Nordeste
14/09,BR-03607/2026,Vitória de Santo Antão,PE,2616407,Lídia Queiroz,261640705000262,6,Nordeste
14/09,BR-03607/2026,Vitória do Mearim,MA,2112902,Povoado Sumauma,211290205000017,6,Nordeste
14/09,BR-03607/2026,Vitória do Mearim,MA,2112902,Povoado Acoque,211290205000046,6,Nordeste
14/09,BR-03607/2026,Vitória do Mearim,MA,2112902,Bairro Novo,211290205000082,6,Nordeste
14/09,BR-03607/2026,Águas Lindas de Goiás,GO,5200258,Jardim Paraiso,520025805000165,6,Centro-Oeste
14/09,BR-03607/2026,Águas Lindas de Goiás,GO,5200258,Recreio Da Barragem,520025805000331,6,Centro-Oeste
