id,instituto,modo,candidato,pesquisa_validos,urna_validos,erro_pp,erro_diferenca_lula_flavio_pp,perfil_renda
atlas_2026-10-02,AtlasIntel,publicado,flavio,44.020101,47.027772,-3.007672,4.779577,
atlas_2026-10-02,AtlasIntel,publicado,lula,46.934673,45.162768,1.771905,4.779577,
atlas_2026-10-02,AtlasIntel,publicado,cury,2.110553,2.890651,-0.780098,4.779577,
atlas_2026-10-02,AtlasIntel,publicado,renan_santos,4.623116,2.242975,2.38014,4.779577,
atlas_2026-10-02,AtlasIntel,publicado,caiado,1.407035,2.18368,-0.776645,4.779577,
atlas_2026-10-02,AtlasIntel,publicado,zema,0.301508,0.273668,0.02784,4.779577,
atlas_2026-10-02,AtlasIntel,publicado,samara,0.100503,0.103026,-0.002524,4.779577,
atlas_2026-10-02,AtlasIntel,publicado,clariana,0.100503,0.033565,0.066938,4.779577,
atlas_2026-10-02,AtlasIntel,publicado,rui,0.40201,0.012593,0.389417,4.779577,
atlas_2026-10-02,AtlasIntel,reponderado,flavio,44.03279,47.027772,-2.994983,4.786326,
atlas_2026-10-02,AtlasIntel,reponderado,lula,46.954111,45.162768,1.791343,4.786326,
atlas_2026-10-02,AtlasIntel,reponderado,cury,2.020212,2.890651,-0.870438,4.786326,
atlas_2026-10-02,AtlasIntel,reponderado,renan_santos,4.599976,2.242975,2.357001,4.786326,
atlas_2026-10-02,AtlasIntel,reponderado,caiado,1.488789,2.18368,-0.694892,4.786326,
atlas_2026-10-02,AtlasIntel,reponderado,zema,0.301374,0.273668,0.027706,4.786326,
atlas_2026-10-02,AtlasIntel,reponderado,samara,0.100458,0.103026,-0.002568,4.786326,
atlas_2026-10-02,AtlasIntel,reponderado,clariana,0.100458,0.033565,0.066893,4.786326,
atlas_2026-10-02,AtlasIntel,reponderado,rui,0.401832,0.012593,0.389239,4.786326,
datafolha_2026-10-03,Datafolha,publicado,flavio,43.478261,47.027772,-3.549511,4.038917,hipotese_onda_anterior
datafolha_2026-10-03,Datafolha,publicado,lula,45.652174,45.162768,0.489406,4.038917,hipotese_onda_anterior
datafolha_2026-10-03,Datafolha,publicado,cury,3.26087,2.890651,0.370219,4.038917,hipotese_onda_anterior
datafolha_2026-10-03,Datafolha,publicado,renan_santos,3.26087,2.242975,1.017894,4.038917,hipotese_onda_anterior
datafolha_2026-10-03,Datafolha,publicado,caiado,4.347826,2.18368,2.164146,4.038917,hipotese_onda_anterior
datafolha_2026-10-03,Datafolha,publicado,zema,0.0,0.273668,-0.273668,4.038917,hipotese_onda_anterior
datafolha_2026-10-03,Datafolha,publicado,samara,0.0,0.103026,-0.103026,4.038917,hipotese_onda_anterior
datafolha_2026-10-03,Datafolha,publicado,hertz,0.0,0.03613,-0.03613,4.038917,hipotese_onda_anterior
datafolha_2026-10-03,Datafolha,publicado,clariana,0.0,0.033565,-0.033565,4.038917,hipotese_onda_anterior
datafolha_2026-10-03,Datafolha,publicado,edmilson,0.0,0.019022,-0.019022,4.038917,hipotese_onda_anterior
datafolha_2026-10-03,Datafolha,publicado,grassi,0.0,0.01415,-0.01415,4.038917,hipotese_onda_anterior
datafolha_2026-10-03,Datafolha,publicado,rui,0.0,0.012593,-0.012593,4.038917,hipotese_onda_anterior
datafolha_2026-10-03,Datafolha,reponderado,flavio,45.776393,47.027772,-1.251379,-1.071798,hipotese_onda_anterior
datafolha_2026-10-03,Datafolha,reponderado,lula,42.839591,45.162768,-2.323177,-1.071798,hipotese_onda_anterior
datafolha_2026-10-03,Datafolha,reponderado,cury,3.516619,2.890651,0.625968,-1.071798,hipotese_onda_anterior
datafolha_2026-10-03,Datafolha,reponderado,renan_santos,3.678277,2.242975,1.435302,-1.071798,hipotese_onda_anterior
datafolha_2026-10-03,Datafolha,reponderado,caiado,4.189119,2.18368,2.005439,-1.071798,hipotese_onda_anterior
datafolha_2026-10-03,Datafolha,reponderado,zema,0.0,0.273668,-0.273668,-1.071798,hipotese_onda_anterior
datafolha_2026-10-03,Datafolha,reponderado,samara,0.0,0.103026,-0.103026,-1.071798,hipotese_onda_anterior
datafolha_2026-10-03,Datafolha,reponderado,hertz,0.0,0.03613,-0.03613,-1.071798,hipotese_onda_anterior
datafolha_2026-10-03,Datafolha,reponderado,clariana,0.0,0.033565,-0.033565,-1.071798,hipotese_onda_anterior
datafolha_2026-10-03,Datafolha,reponderado,edmilson,0.0,0.019022,-0.019022,-1.071798,hipotese_onda_anterior
datafolha_2026-10-03,Datafolha,reponderado,grassi,0.0,0.01415,-0.01415,-1.071798,hipotese_onda_anterior
datafolha_2026-10-03,Datafolha,reponderado,rui,0.0,0.012593,-0.012593,-1.071798,hipotese_onda_anterior
futura_2026-10-03,Futura,publicado,flavio,44.736842,47.027772,-2.29093,-0.240259,
futura_2026-10-03,Futura,publicado,lula,42.631579,45.162768,-2.531189,-0.240259,
futura_2026-10-03,Futura,publicado,cury,4.105263,2.890651,1.214613,-0.240259,
futura_2026-10-03,Futura,publicado,renan_santos,2.736842,2.242975,0.493867,-0.240259,
futura_2026-10-03,Futura,publicado,caiado,3.894737,2.18368,1.711056,-0.240259,
futura_2026-10-03,Futura,publicado,zema,0.842105,0.273668,0.568437,-0.240259,
futura_2026-10-03,Futura,publicado,samara,0.421053,0.103026,0.318026,-0.240259,
futura_2026-10-03,Futura,publicado,hertz,0.105263,0.03613,0.069133,-0.240259,
futura_2026-10-03,Futura,publicado,clariana,0.105263,0.033565,0.071698,-0.240259,
futura_2026-10-03,Futura,publicado,edmilson,0.210526,0.019022,0.191505,-0.240259,
futura_2026-10-03,Futura,publicado,grassi,0.105263,0.01415,0.091113,-0.240259,
futura_2026-10-03,Futura,publicado,rui,0.105263,0.012593,0.09267,-0.240259,
gerp_2026-10-02,Gerp,publicado,flavio,45.744681,47.027772,-1.283092,-0.262655,perfil_ponderado
gerp_2026-10-02,Gerp,publicado,lula,43.617021,45.162768,-1.545747,-0.262655,perfil_ponderado
gerp_2026-10-02,Gerp,publicado,cury,4.255319,2.890651,1.364669,-0.262655,perfil_ponderado
gerp_2026-10-02,Gerp,publicado,renan_santos,2.12766,2.242975,-0.115316,-0.262655,perfil_ponderado
gerp_2026-10-02,Gerp,publicado,caiado,3.191489,2.18368,1.007809,-0.262655,perfil_ponderado
gerp_2026-10-02,Gerp,publicado,zema,0.0,0.273668,-0.273668,-0.262655,perfil_ponderado
gerp_2026-10-02,Gerp,publicado,samara,1.06383,0.103026,0.960804,-0.262655,perfil_ponderado
gerp_2026-10-02,Gerp,reponderado,flavio,47.067542,47.027772,0.039769,-3.202749,perfil_ponderado
gerp_2026-10-02,Gerp,reponderado,lula,41.999788,45.162768,-3.16298,-3.202749,perfil_ponderado
gerp_2026-10-02,Gerp,reponderado,cury,4.447385,2.890651,1.556734,-3.202749,perfil_ponderado
gerp_2026-10-02,Gerp,reponderado,renan_santos,2.384078,2.242975,0.141103,-3.202749,perfil_ponderado
gerp_2026-10-02,Gerp,reponderado,caiado,3.125132,2.18368,0.941452,-3.202749,perfil_ponderado
gerp_2026-10-02,Gerp,reponderado,zema,0.0,0.273668,-0.273668,-3.202749,perfil_ponderado
gerp_2026-10-02,Gerp,reponderado,samara,0.976075,0.103026,0.873048,-3.202749,perfil_ponderado
indexa_2026-09-29,Indexa/Broadcast,publicado,flavio,40.0,47.027772,-7.027772,7.747357,
indexa_2026-09-29,Indexa/Broadcast,publicado,lula,45.882353,45.162768,0.719585,7.747357,
indexa_2026-09-29,Indexa/Broadcast,publicado,cury,4.705882,2.890651,1.815232,7.747357,
indexa_2026-09-29,Indexa/Broadcast,publicado,renan_santos,3.529412,2.242975,1.286437,7.747357,
indexa_2026-09-29,Indexa/Broadcast,publicado,caiado,4.705882,2.18368,2.522202,7.747357,
indexa_2026-09-29,Indexa/Broadcast,publicado,zema,1.176471,0.273668,0.902803,7.747357,
indexa_2026-09-29,Indexa/Broadcast,publicado,samara,0.0,0.103026,-0.103026,7.747357,
indexa_2026-09-29,Indexa/Broadcast,publicado,hertz,0.0,0.03613,-0.03613,7.747357,
indexa_2026-09-29,Indexa/Broadcast,publicado,clariana,0.0,0.033565,-0.033565,7.747357,
indexa_2026-09-29,Indexa/Broadcast,publicado,edmilson,0.0,0.019022,-0.019022,7.747357,
indexa_2026-09-29,Indexa/Broadcast,publicado,grassi,0.0,0.01415,-0.01415,7.747357,
indexa_2026-09-29,Indexa/Broadcast,publicado,rui,0.0,0.012593,-0.012593,7.747357,
indexa_2026-09-29,Indexa/Broadcast,reponderado,flavio,40.768385,47.027772,-6.259388,6.179565,
indexa_2026-09-29,Indexa/Broadcast,reponderado,lula,45.082945,45.162768,-0.079823,6.179565,
indexa_2026-09-29,Indexa/Broadcast,reponderado,cury,4.774328,2.890651,1.883677,6.179565,
indexa_2026-09-29,Indexa/Broadcast,reponderado,renan_santos,3.654742,2.242975,1.411766,6.179565,
indexa_2026-09-29,Indexa/Broadcast,reponderado,caiado,4.549709,2.18368,2.366028,6.179565,
indexa_2026-09-29,Indexa/Broadcast,reponderado,zema,1.169892,0.273668,0.896224,6.179565,
indexa_2026-09-29,Indexa/Broadcast,reponderado,samara,0.0,0.103026,-0.103026,6.179565,
indexa_2026-09-29,Indexa/Broadcast,reponderado,hertz,0.0,0.03613,-0.03613,6.179565,
indexa_2026-09-29,Indexa/Broadcast,reponderado,clariana,0.0,0.033565,-0.033565,6.179565,
indexa_2026-09-29,Indexa/Broadcast,reponderado,edmilson,0.0,0.019022,-0.019022,6.179565,
indexa_2026-09-29,Indexa/Broadcast,reponderado,grassi,0.0,0.01415,-0.01415,6.179565,
indexa_2026-09-29,Indexa/Broadcast,reponderado,rui,0.0,0.012593,-0.012593,6.179565,
mda_2026-10-02,MDA,publicado,flavio,42.175361,47.027772,-4.852412,7.525382,perfil_publicado
mda_2026-10-02,MDA,publicado,lula,47.835738,45.162768,2.67297,7.525382,perfil_publicado
mda_2026-10-02,MDA,publicado,cury,3.551609,2.890651,0.660959,7.525382,perfil_publicado
mda_2026-10-02,MDA,publicado,renan_santos,1.664817,2.242975,-0.578158,7.525382,perfil_publicado
mda_2026-10-02,MDA,publicado,caiado,3.329634,2.18368,1.145953,7.525382,perfil_publicado
mda_2026-10-02,MDA,publicado,zema,0.887902,0.273668,0.614234,7.525382,perfil_publicado
mda_2026-10-02,MDA,reponderado,flavio,43.246262,47.027772,-3.78151,5.27118,perfil_publicado
mda_2026-10-02,MDA,reponderado,lula,46.652437,45.162768,1.489669,5.27118,perfil_publicado
mda_2026-10-02,MDA,reponderado,cury,3.538883,2.890651,0.648233,5.27118,perfil_publicado
mda_2026-10-02,MDA,reponderado,renan_santos,1.658852,2.242975,-0.584123,5.27118,perfil_publicado
mda_2026-10-02,MDA,reponderado,caiado,3.317703,2.18368,1.134023,5.27118,perfil_publicado
mda_2026-10-02,MDA,reponderado,zema,0.884721,0.273668,0.611053,5.27118,perfil_publicado
meio_ideia_2026-09-28,Meio/Ideia,publicado,flavio,39.06409,47.027772,-7.963683,2.882298,
meio_ideia_2026-09-28,Meio/Ideia,publicado,lula,40.081384,45.162768,-5.081384,2.882298,
meio_ideia_2026-09-28,Meio/Ideia,publicado,cury,6.81587,2.890651,3.925219,2.882298,
meio_ideia_2026-09-28,Meio/Ideia,publicado,renan_santos,4.577823,2.242975,2.334848,2.882298,
meio_ideia_2026-09-28,Meio/Ideia,publicado,caiado,4.476094,2.18368,2.292413,2.882298,
meio_ideia_2026-09-28,Meio/Ideia,publicado,zema,3.560529,0.273668,3.286861,2.882298,
meio_ideia_2026-09-28,Meio/Ideia,publicado,samara,0.406918,0.103026,0.303891,2.882298,
meio_ideia_2026-09-28,Meio/Ideia,publicado,hertz,0.305188,0.03613,0.269059,2.882298,
meio_ideia_2026-09-28,Meio/Ideia,publicado,clariana,0.305188,0.033565,0.271623,2.882298,
meio_ideia_2026-09-28,Meio/Ideia,publicado,edmilson,0.101729,0.019022,0.082708,2.882298,
meio_ideia_2026-09-28,Meio/Ideia,publicado,grassi,0.101729,0.01415,0.087579,2.882298,
meio_ideia_2026-09-28,Meio/Ideia,publicado,rui,0.101729,0.012593,0.089136,2.882298,
nexus_2026-09-27,Nexus,publicado,flavio,38.947368,47.027772,-8.080404,7.128162,
nexus_2026-09-27,Nexus,publicado,lula,44.210526,45.162768,-0.952242,7.128162,
nexus_2026-09-27,Nexus,publicado,cury,5.263158,2.890651,2.372507,7.128162,
nexus_2026-09-27,Nexus,publicado,renan_santos,4.210526,2.242975,1.967551,7.128162,
nexus_2026-09-27,Nexus,publicado,caiado,5.263158,2.18368,3.079477,7.128162,
nexus_2026-09-27,Nexus,publicado,zema,1.052632,0.273668,0.778964,7.128162,
nexus_2026-09-27,Nexus,reponderado,flavio,39.193241,47.027772,-7.834531,6.559524,
nexus_2026-09-27,Nexus,reponderado,lula,43.887761,45.162768,-1.275007,6.559524,
nexus_2026-09-27,Nexus,reponderado,cury,5.371027,2.890651,2.480376,6.559524,
nexus_2026-09-27,Nexus,reponderado,renan_santos,4.270519,2.242975,2.027544,6.559524,
nexus_2026-09-27,Nexus,reponderado,caiado,5.181647,2.18368,2.997967,6.559524,
nexus_2026-09-27,Nexus,reponderado,zema,1.089987,0.273668,0.816319,6.559524,
palver_2026-10-03,Palver,publicado,flavio,46.84774,47.027772,-0.180032,-1.701376,perfil_ponderado_reconstituido
palver_2026-10-03,Palver,publicado,lula,43.28136,45.162768,-1.881408,-1.701376,perfil_ponderado_reconstituido
palver_2026-10-03,Palver,publicado,cury,1.265778,2.890651,-1.624872,-1.701376,perfil_ponderado_reconstituido
palver_2026-10-03,Palver,publicado,renan_santos,6.980395,2.242975,4.73742,-1.701376,perfil_ponderado_reconstituido
palver_2026-10-03,Palver,publicado,caiado,0.88632,2.18368,-1.297361,-1.701376,perfil_ponderado_reconstituido
palver_2026-10-03,Palver,publicado,zema,0.323197,0.273668,0.049529,-1.701376,perfil_ponderado_reconstituido
palver_2026-10-03,Palver,reponderado,flavio,46.484414,47.027772,-0.543358,-1.386963,perfil_ponderado_reconstituido
palver_2026-10-03,Palver,reponderado,lula,43.232447,45.162768,-1.930321,-1.386963,perfil_ponderado_reconstituido
palver_2026-10-03,Palver,reponderado,cury,1.267784,2.890651,-1.622866,-1.386963,perfil_ponderado_reconstituido
palver_2026-10-03,Palver,reponderado,renan_santos,7.460809,2.242975,5.217834,-1.386963,perfil_ponderado_reconstituido
palver_2026-10-03,Palver,reponderado,caiado,0.812992,2.18368,-1.370689,-1.386963,perfil_ponderado_reconstituido
palver_2026-10-03,Palver,reponderado,zema,0.340088,0.273668,0.06642,-1.386963,perfil_ponderado_reconstituido
poderdata_2026-10-02,PoderData,publicado,flavio,44.086022,47.027772,-2.941751,2.940273,
poderdata_2026-10-02,PoderData,publicado,lula,45.16129,45.162768,-0.001478,2.940273,
poderdata_2026-10-02,PoderData,publicado,cury,3.225806,2.890651,0.335156,2.940273,
poderdata_2026-10-02,PoderData,publicado,renan_santos,3.225806,2.242975,0.982831,2.940273,
poderdata_2026-10-02,PoderData,publicado,caiado,2.150538,2.18368,-0.033143,2.940273,
poderdata_2026-10-02,PoderData,publicado,zema,1.075269,0.273668,0.801601,2.940273,
poderdata_2026-10-02,PoderData,publicado,samara,0.0,0.103026,-0.103026,2.940273,
poderdata_2026-10-02,PoderData,publicado,hertz,0.0,0.03613,-0.03613,2.940273,
poderdata_2026-10-02,PoderData,publicado,clariana,0.0,0.033565,-0.033565,2.940273,
poderdata_2026-10-02,PoderData,publicado,edmilson,0.0,0.019022,-0.019022,2.940273,
poderdata_2026-10-02,PoderData,publicado,grassi,0.0,0.01415,-0.01415,2.940273,
poderdata_2026-10-02,PoderData,publicado,rui,1.075269,0.012593,1.062675,2.940273,
poderdata_2026-10-02,PoderData,reponderado,flavio,45.208645,47.027772,-1.819127,0.913795,
poderdata_2026-10-02,PoderData,reponderado,lula,44.257436,45.162768,-0.905332,0.913795,
poderdata_2026-10-02,PoderData,reponderado,cury,3.16071,2.890651,0.27006,0.913795,
poderdata_2026-10-02,PoderData,reponderado,renan_santos,3.325487,2.242975,1.082512,0.913795,
poderdata_2026-10-02,PoderData,reponderado,caiado,2.090734,2.18368,-0.092946,0.913795,
poderdata_2026-10-02,PoderData,reponderado,zema,1.002568,0.273668,0.7289,0.913795,
poderdata_2026-10-02,PoderData,reponderado,samara,0.0,0.103026,-0.103026,0.913795,
poderdata_2026-10-02,PoderData,reponderado,hertz,0.0,0.03613,-0.03613,0.913795,
poderdata_2026-10-02,PoderData,reponderado,clariana,0.0,0.033565,-0.033565,0.913795,
poderdata_2026-10-02,PoderData,reponderado,edmilson,0.0,0.019022,-0.019022,0.913795,
poderdata_2026-10-02,PoderData,reponderado,grassi,0.0,0.01415,-0.01415,0.913795,
poderdata_2026-10-02,PoderData,reponderado,rui,0.954419,0.012593,0.941826,0.913795,
quaest_2026-10-03,Quaest,publicado,flavio,43.678161,47.027772,-3.349611,4.163855,hipotese_onda_anterior
quaest_2026-10-03,Quaest,publicado,lula,45.977011,45.162768,0.814244,4.163855,hipotese_onda_anterior
quaest_2026-10-03,Quaest,publicado,cury,3.448276,2.890651,0.557625,4.163855,hipotese_onda_anterior
quaest_2026-10-03,Quaest,publicado,renan_santos,3.448276,2.242975,1.205301,4.163855,hipotese_onda_anterior
quaest_2026-10-03,Quaest,publicado,caiado,3.448276,2.18368,1.264595,4.163855,hipotese_onda_anterior
quaest_2026-10-03,Quaest,publicado,zema,0.0,0.273668,-0.273668,4.163855,hipotese_onda_anterior
quaest_2026-10-03,Quaest,publicado,samara,0.0,0.103026,-0.103026,4.163855,hipotese_onda_anterior
quaest_2026-10-03,Quaest,publicado,hertz,0.0,0.03613,-0.03613,4.163855,hipotese_onda_anterior
quaest_2026-10-03,Quaest,publicado,clariana,0.0,0.033565,-0.033565,4.163855,hipotese_onda_anterior
quaest_2026-10-03,Quaest,publicado,edmilson,0.0,0.019022,-0.019022,4.163855,hipotese_onda_anterior
quaest_2026-10-03,Quaest,publicado,grassi,0.0,0.01415,-0.01415,4.163855,hipotese_onda_anterior
quaest_2026-10-03,Quaest,publicado,rui,0.0,0.012593,-0.012593,4.163855,hipotese_onda_anterior
quaest_2026-10-03,Quaest,reponderado,flavio,42.994114,47.027772,-4.033658,5.690995,hipotese_onda_anterior
quaest_2026-10-03,Quaest,reponderado,lula,46.820105,45.162768,1.657337,5.690995,hipotese_onda_anterior
quaest_2026-10-03,Quaest,reponderado,cury,3.400625,2.890651,0.509975,5.690995,hipotese_onda_anterior
quaest_2026-10-03,Quaest,reponderado,renan_santos,3.352341,2.242975,1.109366,5.690995,hipotese_onda_anterior
quaest_2026-10-03,Quaest,reponderado,caiado,3.38453,2.18368,1.20085,5.690995,hipotese_onda_anterior
quaest_2026-10-03,Quaest,reponderado,zema,0.0,0.273668,-0.273668,5.690995,hipotese_onda_anterior
quaest_2026-10-03,Quaest,reponderado,samara,0.048285,0.103026,-0.054741,5.690995,hipotese_onda_anterior
quaest_2026-10-03,Quaest,reponderado,hertz,0.0,0.03613,-0.03613,5.690995,hipotese_onda_anterior
quaest_2026-10-03,Quaest,reponderado,clariana,0.0,0.033565,-0.033565,5.690995,hipotese_onda_anterior
quaest_2026-10-03,Quaest,reponderado,edmilson,0.0,0.019022,-0.019022,5.690995,hipotese_onda_anterior
quaest_2026-10-03,Quaest,reponderado,grassi,0.0,0.01415,-0.01415,5.690995,hipotese_onda_anterior
quaest_2026-10-03,Quaest,reponderado,rui,0.0,0.012593,-0.012593,5.690995,hipotese_onda_anterior
realtime_2026-09-30,Real Time Big Data,publicado,flavio,41.489362,47.027772,-5.538411,6.120324,
realtime_2026-09-30,Real Time Big Data,publicado,lula,45.744681,45.162768,0.581913,6.120324,
realtime_2026-09-30,Real Time Big Data,publicado,cury,3.191489,2.890651,0.300839,6.120324,
realtime_2026-09-30,Real Time Big Data,publicado,renan_santos,4.255319,2.242975,2.012344,6.120324,
realtime_2026-09-30,Real Time Big Data,publicado,caiado,3.191489,2.18368,1.007809,6.120324,
realtime_2026-09-30,Real Time Big Data,publicado,zema,1.06383,0.273668,0.790162,6.120324,
realtime_2026-09-30,Real Time Big Data,reponderado,flavio,44.026949,47.027772,-3.000823,0.568381,
realtime_2026-09-30,Real Time Big Data,reponderado,lula,42.730326,45.162768,-2.432442,0.568381,
realtime_2026-09-30,Real Time Big Data,reponderado,cury,2.738376,2.890651,-0.152274,0.568381,
realtime_2026-09-30,Real Time Big Data,reponderado,renan_santos,4.755347,2.242975,2.512372,0.568381,
realtime_2026-09-30,Real Time Big Data,reponderado,caiado,3.581606,2.18368,1.397925,0.568381,
realtime_2026-09-30,Real Time Big Data,reponderado,zema,1.108063,0.273668,0.834395,0.568381,
vox_brasil_2026-10-01,Vox Brasil,publicado,flavio,45.879733,47.027772,-1.14804,0.974136,
vox_brasil_2026-10-01,Vox Brasil,publicado,lula,44.988864,45.162768,-0.173904,0.974136,
vox_brasil_2026-10-01,Vox Brasil,publicado,cury,1.336303,2.890651,-1.554348,0.974136,
vox_brasil_2026-10-01,Vox Brasil,publicado,renan_santos,2.449889,2.242975,0.206914,0.974136,
vox_brasil_2026-10-01,Vox Brasil,publicado,caiado,3.674833,2.18368,1.491152,0.974136,
vox_brasil_2026-10-01,Vox Brasil,publicado,zema,1.447661,0.273668,1.173994,0.974136,
vox_brasil_2026-10-01,Vox Brasil,publicado,samara,0.0,0.103026,-0.103026,0.974136,
vox_brasil_2026-10-01,Vox Brasil,publicado,hertz,0.0,0.03613,-0.03613,0.974136,
vox_brasil_2026-10-01,Vox Brasil,publicado,clariana,0.0,0.033565,-0.033565,0.974136,
vox_brasil_2026-10-01,Vox Brasil,publicado,edmilson,0.222717,0.019022,0.203695,0.974136,
vox_brasil_2026-10-01,Vox Brasil,publicado,grassi,0.0,0.01415,-0.01415,0.974136,
vox_brasil_2026-10-01,Vox Brasil,publicado,rui,0.0,0.012593,-0.012593,0.974136,
