data,tipo,n_institutos,ondas,publicado_flavio_validos_pct,publicado_lula_validos_pct,publicado_demais_validos_pct,pnad_flavio_validos_pct,pnad_lula_validos_pct,pnad_demais_validos_pct
2026-05-05,media,1,realtime_2026-05-04,38.20224719101124,44.943820224719104,16.853932584269657,38.60845082912122,42.918107652744524,18.47344151813426
2026-05-06,media,1,realtime_2026-05-04,38.20224719101124,44.943820224719104,16.853932584269657,38.60845082912122,42.918107652744524,18.47344151813426
2026-05-07,media,1,realtime_2026-05-04,38.20224719101124,44.943820224719104,16.853932584269657,38.60845082912122,42.918107652744524,18.47344151813426
2026-05-08,media,1,realtime_2026-05-04,38.20224719101124,44.943820224719104,16.853932584269657,38.60845082912122,42.918107652744524,18.47344151813426
2026-05-09,media,1,realtime_2026-05-04,38.20224719101124,44.943820224719104,16.853932584269657,38.60845082912122,42.918107652744524,18.47344151813426
2026-05-10,media,1,realtime_2026-05-04,38.20224719101124,44.943820224719104,16.853932584269657,38.60845082912122,42.918107652744524,18.47344151813426
2026-05-11,media,1,realtime_2026-05-04,38.20224719101124,44.943820224719104,16.853932584269657,38.60845082912122,42.918107652744524,18.47344151813426
2026-05-12,media,0,,,,,,,
2026-05-13,media,1,quaest_2026-05-11,38.8235294117647,45.88235294117647,15.294117647058826,38.65591714235274,46.1331136350262,15.21096922262106
2026-05-14,media,2,gerp_2026-05-12;quaest_2026-05-11,40.43449197860963,42.82754010695187,16.737967914438503,40.41928810285434,42.64021763202524,16.940494265120417
2026-05-15,media,2,gerp_2026-05-12;quaest_2026-05-11,40.43449197860963,42.82754010695187,16.737967914438503,40.41928810285434,42.64021763202524,16.940494265120417
2026-05-16,media,2,gerp_2026-05-12;quaest_2026-05-11,40.43449197860963,42.82754010695187,16.737967914438503,40.41928810285434,42.64021763202524,16.940494265120417
2026-05-17,media,2,gerp_2026-05-12;quaest_2026-05-11,40.43449197860963,42.82754010695187,16.737967914438503,40.41928810285434,42.64021763202524,16.940494265120417
2026-05-18,media,2,gerp_2026-05-12;quaest_2026-05-11,40.43449197860963,42.82754010695187,16.737967914438503,40.41928810285434,42.64021763202524,16.940494265120417
2026-05-19,media,3,atlas_2026-05-18;gerp_2026-05-12;quaest_2026-05-11,38.77983712052086,44.753003297774875,16.467159581704266,38.54346862693,44.72456464079038,16.73196673227962
2026-05-20,media,2,atlas_2026-05-18;gerp_2026-05-12,38.75799097489893,44.188328476074076,17.053680549026986,38.48724436921863,44.02029014367247,17.4924654871089
2026-05-21,media,1,atlas_2026-05-18,35.47052740434332,48.60392967942088,15.925542916235791,34.79182967508133,48.89325865832065,16.31491166659802
2026-05-22,media,3,atlas_2026-05-18;datafolha_2026-05-21;gerp_2026-05-21,37.827935420106265,45.57652269531939,16.595541884574338,38.76564125425318,43.97789417494008,17.25646457080673
2026-05-23,media,3,atlas_2026-05-18;datafolha_2026-05-21;gerp_2026-05-21,37.827935420106265,45.57652269531939,16.595541884574338,38.76564125425318,43.97789417494008,17.25646457080673
2026-05-24,media,3,atlas_2026-05-18;datafolha_2026-05-21;gerp_2026-05-21,37.827935420106265,45.57652269531939,16.595541884574338,38.76564125425318,43.97789417494008,17.25646457080673
2026-05-25,media,4,atlas_2026-05-18;datafolha_2026-05-21;gerp_2026-05-21;nexus_2026-05-24,37.98633618046432,45.171403010500526,16.84226080903515,38.84482091474373,43.69387463424854,17.46130445100773
2026-05-26,media,3,datafolha_2026-05-21;gerp_2026-05-21;nexus_2026-05-24,38.824939105837984,44.02722745419374,17.14783343996827,40.1958179946312,41.960746626224505,17.8434353791443
2026-05-27,media,3,datafolha_2026-05-21;gerp_2026-05-21;nexus_2026-05-24,38.824939105837984,44.02722745419374,17.14783343996827,40.1958179946312,41.960746626224505,17.8434353791443
2026-05-28,media,3,datafolha_2026-05-21;gerp_2026-05-21;nexus_2026-05-24,38.824939105837984,44.02722745419374,17.14783343996827,40.1958179946312,41.960746626224505,17.8434353791443
2026-05-29,media,2,nexus_2026-05-24;poderdata_2026-05-28,38.46153846153846,43.956043956043956,17.582417582417584,38.85403415397948,43.08933323805441,18.05663260796612
2026-05-30,media,2,nexus_2026-05-24;poderdata_2026-05-28,38.46153846153846,43.956043956043956,17.582417582417584,38.85403415397948,43.08933323805441,18.05663260796612
2026-05-31,media,2,nexus_2026-05-24;poderdata_2026-05-28,38.46153846153846,43.956043956043956,17.582417582417584,38.85403415397948,43.08933323805441,18.05663260796612
2026-06-01,media,2,poderdata_2026-05-28;realtime_2026-05-30,35.8974358974359,42.4081295049037,21.6944345976604,36.132871205446804,41.11806399099848,22.749064803554717
2026-06-02,media,2,poderdata_2026-05-28;realtime_2026-05-30,35.8974358974359,42.4081295049037,21.6944345976604,36.132871205446804,41.11806399099848,22.749064803554717
2026-06-03,media,2,poderdata_2026-05-28;realtime_2026-05-30,35.8974358974359,42.4081295049037,21.6944345976604,36.132871205446804,41.11806399099848,22.749064803554717
2026-06-04,media,2,poderdata_2026-05-28;realtime_2026-05-30,35.8974358974359,42.4081295049037,21.6944345976604,36.132871205446804,41.11806399099848,22.749064803554717
2026-06-05,media,1,realtime_2026-05-30,33.333333333333336,40.86021505376344,25.806451612903217,33.64003399915002,38.89927751806205,27.46068848278793
2026-06-06,media,1,realtime_2026-05-30,33.333333333333336,40.86021505376344,25.806451612903217,33.64003399915002,38.89927751806205,27.46068848278793
2026-06-07,media,1,realtime_2026-05-30,33.333333333333336,40.86021505376344,25.806451612903217,33.64003399915002,38.89927751806205,27.46068848278793
2026-06-08,media,0,,,,,,,
2026-06-09,media,1,gerp_2026-06-05,44.30379746835443,43.037974683544306,12.658227848101262,44.298968178271046,41.97644027696919,13.724591544759761
2026-06-10,media,2,gerp_2026-06-05;quaest_2026-06-08,40.05313330207845,45.59306141584622,14.353805282075324,39.82473171158992,45.42544183304862,14.749826455361465
2026-06-11,media,2,gerp_2026-06-05;quaest_2026-06-08,40.05313330207845,45.59306141584622,14.353805282075324,39.82473171158992,45.42544183304862,14.749826455361465
2026-06-12,media,2,gerp_2026-06-05;quaest_2026-06-08,40.05313330207845,45.59306141584622,14.353805282075324,39.82473171158992,45.42544183304862,14.749826455361465
2026-06-13,media,2,gerp_2026-06-05;quaest_2026-06-08,40.05313330207845,45.59306141584622,14.353805282075324,39.82473171158992,45.42544183304862,14.749826455361465
2026-06-14,media,2,gerp_2026-06-05;quaest_2026-06-08,40.05313330207845,45.59306141584622,14.353805282075324,39.82473171158992,45.42544183304862,14.749826455361465
2026-06-15,media,3,gerp_2026-06-05;nexus_2026-06-14;quaest_2026-06-08,38.79000095596439,45.7799896618462,15.43000938218941,38.90885056227711,45.340819579469525,15.750329858253368
2026-06-16,media,3,mda_2026-06-14;nexus_2026-06-14;quaest_2026-06-08,35.10697412689027,47.86481571072766,17.02821016238207,35.51586619172767,47.403257939050974,17.08087586922136
2026-06-17,media,2,mda_2026-06-14;nexus_2026-06-14,34.75922662243417,47.72314949201741,17.517623885548414,35.59855166513711,46.66766521401243,17.733783120850454
2026-06-18,media,2,mda_2026-06-14;nexus_2026-06-14,34.75922662243417,47.72314949201741,17.517623885548414,35.59855166513711,46.66766521401243,17.733783120850454
2026-06-19,media,3,datafolha_2026-06-18;mda_2026-06-14;nexus_2026-06-14,34.783304639675215,47.171238238123976,18.045457122200812,35.87006689310186,45.65741157701016,18.472521529887985
2026-06-20,media,3,datafolha_2026-06-18;mda_2026-06-14;nexus_2026-06-14,34.783304639675215,47.171238238123976,18.045457122200812,35.87006689310186,45.65741157701016,18.472521529887985
2026-06-21,media,3,datafolha_2026-06-18;mda_2026-06-14;nexus_2026-06-14,34.783304639675215,47.171238238123976,18.045457122200812,35.87006689310186,45.65741157701016,18.472521529887985
2026-06-22,media,2,datafolha_2026-06-18;mda_2026-06-14,34.043088827644695,47.679934280262884,18.276976892092424,35.26655620782704,45.90032982935958,18.83311396281339
2026-06-23,media,1,datafolha_2026-06-18,34.831460674157306,46.06741573033708,19.101123595505605,36.41309734903135,43.63690430300561,19.949998347963046
2026-06-24,media,2,datafolha_2026-06-18;gerp_2026-06-18,38.14743765415182,45.594683474924636,16.257878870923534,39.48486871932719,43.527010436270466,16.988120844402346
2026-06-25,media,3,datafolha_2026-06-18;gerp_2026-06-18;poderdata_2026-06-24,38.33485090921949,44.73337321267377,16.93177587810673,39.175873444534226,43.40096440470209,17.423162150763684
2026-06-26,media,2,gerp_2026-06-18;poderdata_2026-06-24,40.08654602675059,44.066351953842116,15.847102019407291,40.55726149228567,43.28299445555033,16.159744052164
2026-06-27,media,2,gerp_2026-06-18;poderdata_2026-06-24,40.08654602675059,44.066351953842116,15.847102019407291,40.55726149228567,43.28299445555033,16.159744052164
2026-06-28,media,2,gerp_2026-06-18;poderdata_2026-06-24,40.08654602675059,44.066351953842116,15.847102019407291,40.55726149228567,43.28299445555033,16.159744052164
2026-06-29,media,3,gerp_2026-06-18;nexus_2026-06-28;poderdata_2026-06-24,39.04320459754387,44.59495927357591,16.361836128880224,39.68497332579262,43.61221210769179,16.702814566515592
2026-06-30,media,3,gerp_2026-06-18;nexus_2026-06-28;poderdata_2026-06-24,39.04320459754387,44.59495927357591,16.361836128880224,39.68497332579262,43.61221210769179,16.702814566515592
2026-07-01,media,3,atlas_2026-06-30;nexus_2026-06-28;poderdata_2026-06-24,37.57024452381358,45.17509159311772,17.254663883068698,37.39848493352546,45.012550957081196,17.588964109393345
2026-07-02,media,2,atlas_2026-06-30;nexus_2026-06-28,37.000528076042954,46.25726104559057,16.742210878366485,36.81878595281404,45.944390264839114,17.23682378234684
2026-07-03,media,2,atlas_2026-06-30;nexus_2026-06-28,37.000528076042954,46.25726104559057,16.742210878366485,36.81878595281404,45.944390264839114,17.23682378234684
2026-07-04,media,2,atlas_2026-06-30;nexus_2026-06-28,37.000528076042954,46.25726104559057,16.742210878366485,36.81878595281404,45.944390264839114,17.23682378234684
2026-07-05,media,2,atlas_2026-06-30;nexus_2026-06-28,37.000528076042954,46.25726104559057,16.742210878366485,36.81878595281404,45.944390264839114,17.23682378234684
2026-07-06,media,1,atlas_2026-06-30,37.044534412955464,46.86234817813765,16.093117408906885,35.69717491282155,47.61813311770354,16.684691969474905
2026-07-07,media,1,atlas_2026-06-30,37.044534412955464,46.86234817813765,16.093117408906885,35.69717491282155,47.61813311770354,16.684691969474905
2026-07-08,media,1,gerp_2026-07-07,44.44444444444444,44.44444444444444,11.111111111111114,46.12010231646387,41.956921900026295,11.922975783509834
2026-07-09,media,1,gerp_2026-07-07,44.44444444444444,44.44444444444444,11.111111111111114,46.12010231646387,41.956921900026295,11.922975783509834
2026-07-10,media,1,gerp_2026-07-07,44.44444444444444,44.44444444444444,11.111111111111114,46.12010231646387,41.956921900026295,11.922975783509834
2026-07-11,media,1,gerp_2026-07-07,44.44444444444444,44.44444444444444,11.111111111111114,46.12010231646387,41.956921900026295,11.922975783509834
2026-07-12,media,1,gerp_2026-07-07,44.44444444444444,44.44444444444444,11.111111111111114,46.12010231646387,41.956921900026295,11.922975783509834
2026-07-13,media,2,gerp_2026-07-07;nexus_2026-07-12,40.70048309178744,43.96135265700483,15.33816425120773,41.890390911532094,42.15299027267059,15.95661881579732
2026-07-14,media,2,gerp_2026-07-07;nexus_2026-07-12,40.70048309178744,43.96135265700483,15.33816425120773,41.890390911532094,42.15299027267059,15.95661881579732
2026-07-15,media,2,nexus_2026-07-12;quaest_2026-07-13,35.76221148684917,46.43048845947396,17.807300053676865,35.95009283971991,46.16835648315127,17.88155067712883
2026-07-16,media,3,nexus_2026-07-12;poderdata_2026-07-15;quaest_2026-07-13,36.29568677877857,45.6056736249973,18.098639596224135,36.48408702019963,45.229140978806846,18.286772000993526
2026-07-17,media,3,nexus_2026-07-12;poderdata_2026-07-15;quaest_2026-07-13,36.29568677877857,45.6056736249973,18.098639596224135,36.48408702019963,45.229140978806846,18.286772000993526
2026-07-18,media,3,nexus_2026-07-12;poderdata_2026-07-15;quaest_2026-07-13,36.29568677877857,45.6056736249973,18.098639596224135,36.48408702019963,45.229140978806846,18.286772000993526
2026-07-19,media,3,nexus_2026-07-12;poderdata_2026-07-15;quaest_2026-07-13,36.29568677877857,45.6056736249973,18.098639596224135,36.48408702019963,45.229140978806846,18.286772000993526
2026-07-20,media,2,poderdata_2026-07-15;quaest_2026-07-13,35.965269298602635,46.66938000271334,17.365350698684033,35.89579077699929,46.669182145552824,17.435027077447884
2026-07-21,media,3,poderdata_2026-07-15;quaest_2026-07-13;realtime_2026-07-20,35.678973858642884,45.29731716492946,19.023708976427653,35.954198733150726,44.495642028830254,19.550159238019027
2026-07-22,media,3,gerp_2026-07-17;poderdata_2026-07-15;realtime_2026-07-20,38.88502228432956,43.565093985677855,17.549883729992587,39.69054678853322,41.9517630245023,18.357690186964486
2026-07-23,media,2,gerp_2026-07-17;realtime_2026-07-20,39.646214745175655,43.36961900049481,16.98416625432954,40.75978249222028,41.252289551694446,17.987927956085272
2026-07-24,media,3,datafolha_2026-07-23;gerp_2026-07-17;realtime_2026-07-20,38.691346228584536,44.2387498317475,17.06990393966797,39.868522368847074,42.004449010001764,18.127028621151165
2026-07-25,media,3,datafolha_2026-07-23;gerp_2026-07-17;realtime_2026-07-20,38.691346228584536,44.2387498317475,17.06990393966797,39.868522368847074,42.004449010001764,18.127028621151165
2026-07-26,media,3,datafolha_2026-07-23;gerp_2026-07-17;realtime_2026-07-20,38.691346228584536,44.2387498317475,17.06990393966797,39.868522368847074,42.004449010001764,18.127028621151165
2026-07-27,media,4,datafolha_2026-07-23;gerp_2026-07-17;nexus_2026-07-26;realtime_2026-07-20,37.98590097578623,44.59210585207149,17.42199317214228,39.069617895384425,42.40363638864133,18.52674571597425
2026-07-28,media,3,datafolha_2026-07-23;gerp_2026-07-17;nexus_2026-07-26,38.9457403081405,45.271743972974754,15.782515718884744,40.06915231202803,43.15532791972674,16.77551976824523
2026-07-29,media,3,atlas_2026-07-27;datafolha_2026-07-23;nexus_2026-07-26,36.356766513318455,45.76856197198112,17.87467151470042,36.741404018496034,44.391261085829655,18.867334895674315
2026-07-30,media,4,atlas_2026-07-27;datafolha_2026-07-23;nexus_2026-07-26;poderdata_2026-07-29,36.88295950037346,45.590157742722106,17.526882756904435,37.12291201765319,44.48560807695611,18.39147990539069
2026-07-31,media,3,atlas_2026-07-27;nexus_2026-07-26;poderdata_2026-07-29,36.91674293536384,45.46120649221185,17.622050572424303,36.80188198283738,44.81122146040269,18.38689655675994
2026-08-01,media,3,atlas_2026-07-27;nexus_2026-07-26;poderdata_2026-07-29,36.91674293536384,45.46120649221185,17.622050572424303,36.80188198283738,44.81122146040269,18.38689655675994
2026-08-02,media,3,atlas_2026-07-27;nexus_2026-07-26;poderdata_2026-07-29,36.91674293536384,45.46120649221185,17.622050572424303,36.80188198283738,44.81122146040269,18.38689655675994
2026-08-03,media,3,atlas_2026-07-27;nexus_2026-08-02;poderdata_2026-07-29,38.22186994175312,44.93915568965614,16.83897436859074,38.27129935321034,44.48732311087949,17.24137753591017
2026-08-04,media,3,atlas_2026-07-27;nexus_2026-08-02;poderdata_2026-07-29,38.22186994175312,44.93915568965614,16.83897436859074,38.27129935321034,44.48732311087949,17.24137753591017
2026-08-05,media,3,nexus_2026-08-02;poderdata_2026-07-29;quaest_2026-08-03,38.277283517252044,45.5673140566925,16.155402426055456,38.469816623163304,45.25444829988728,16.27573507694941
2026-08-06,media,2,nexus_2026-08-02;quaest_2026-08-03,38.18515604510884,45.823498557566225,15.991345397324942,38.57100692718262,45.497347924663174,15.931645148154207
2026-08-07,media,2,nexus_2026-08-02;quaest_2026-08-03,38.18515604510884,45.823498557566225,15.991345397324942,38.57100692718262,45.497347924663174,15.931645148154207
2026-08-08,media,2,nexus_2026-08-02;quaest_2026-08-03,38.18515604510884,45.823498557566225,15.991345397324942,38.57100692718262,45.497347924663174,15.931645148154207
2026-08-09,media,2,nexus_2026-08-02;quaest_2026-08-03,38.18515604510884,45.823498557566225,15.991345397324942,38.57100692718262,45.497347924663174,15.931645148154207
2026-08-10,media,4,gerp_2026-08-10;nexus_2026-08-09;palver_2026-08-09;quaest_2026-08-03,39.56106009459103,44.78280089853918,15.656139006869795,39.41662568050984,44.36051967398859,16.222854645501577
2026-08-11,media,5,gerp_2026-08-10;mda_2026-08-09;nexus_2026-08-09;palver_2026-08-09;quaest_2026-08-03,38.33882476564951,45.70969060228122,15.951484632069262,38.411993102995496,45.1038673195189,16.48413957748561
2026-08-12,media,4,gerp_2026-08-10;mda_2026-08-09;nexus_2026-08-09;palver_2026-08-09,38.777189493647256,45.2468693504125,15.975941155940236,38.999777061681904,44.28853605606463,16.71168688225346
2026-08-13,media,5,gerp_2026-08-10;mda_2026-08-09;nexus_2026-08-09;palver_2026-08-09;poderdata_2026-08-12,38.548633315347914,45.01469978140527,16.43666690324681,38.69479028986687,44.24002052633737,17.06518918379576
2026-08-14,media,6,gerp_2026-08-10;mda_2026-08-09;nexus_2026-08-09;palver_2026-08-09;poderdata_2026-08-12;quaest_2026-08-13,38.42467410425334,45.23582705361008,16.33949884213657,38.447350647007234,44.745623038499936,16.807026314492827
2026-08-15,media,6,gerp_2026-08-10;mda_2026-08-09;nexus_2026-08-09;palver_2026-08-09;poderdata_2026-08-12;quaest_2026-08-13,38.42467410425334,45.23582705361008,16.33949884213657,38.447350647007234,44.745623038499936,16.807026314492827
2026-08-16,media,6,gerp_2026-08-10;mda_2026-08-09;nexus_2026-08-09;palver_2026-08-09;poderdata_2026-08-12;quaest_2026-08-13,38.42467410425334,45.23582705361008,16.33949884213657,38.447350647007234,44.745623038499936,16.807026314492827
2026-08-17,media,4,mda_2026-08-09;nexus_2026-08-16;poderdata_2026-08-12;quaest_2026-08-13,37.00490122085579,46.10248793214107,16.89261084700314,37.02390452548471,45.85666758943381,17.11942788508148
2026-08-18,media,3,nexus_2026-08-16;poderdata_2026-08-12;quaest_2026-08-13,38.189907144513235,44.99756743710495,16.812525418381814,37.90071843633356,45.11647081869838,16.982810744968052
2026-08-19,media,3,nexus_2026-08-16;poderdata_2026-08-12;quaest_2026-08-13,38.189907144513235,44.99756743710495,16.812525418381814,37.90071843633356,45.11647081869838,16.982810744968052
2026-08-20,media,2,nexus_2026-08-16;quaest_2026-08-13,38.46765641569459,45.453340402969246,16.07900318133616,38.113656053196976,45.651727024333425,16.2346169224696
2026-08-21,media,2,datafolha_2026-08-19;nexus_2026-08-16,37.89855072463768,43.94927536231884,18.152173913043477,39.016034985176844,42.165768927349475,18.81819608747368
2026-08-22,media,2,datafolha_2026-08-19;nexus_2026-08-16,37.89855072463768,43.94927536231884,18.152173913043477,39.016034985176844,42.165768927349475,18.81819608747368
2026-08-23,media,2,datafolha_2026-08-19;nexus_2026-08-16,37.89855072463768,43.94927536231884,18.152173913043477,39.016034985176844,42.165768927349475,18.81819608747368
2026-08-24,media,2,datafolha_2026-08-19;nexus_2026-08-23,38.44202898550725,43.94927536231884,17.60869565217391,39.85905029829695,41.94454857515814,18.196401126544917
2026-08-25,media,2,datafolha_2026-08-19;nexus_2026-08-23,38.44202898550725,43.94927536231884,17.60869565217391,39.85905029829695,41.94454857515814,18.196401126544917
2026-08-26,media,2,datafolha_2026-08-19;nexus_2026-08-23,38.44202898550725,43.94927536231884,17.60869565217391,39.85905029829695,41.94454857515814,18.196401126544917
2026-08-27,media,2,datafolha_2026-08-19;nexus_2026-08-23,38.44202898550725,43.94927536231884,17.60869565217391,39.85905029829695,41.94454857515814,18.196401126544917
2026-08-28,media,1,nexus_2026-08-23,40.21739130434783,44.56521739130435,15.21739130434782,40.7031902999251,43.5873777449714,15.709431955103504
2026-08-29,media,1,nexus_2026-08-23,40.21739130434783,44.56521739130435,15.21739130434782,40.7031902999251,43.5873777449714,15.709431955103504
2026-08-30,media,1,nexus_2026-08-23,40.21739130434783,44.56521739130435,15.21739130434782,40.7031902999251,43.5873777449714,15.709431955103504
2026-08-31,media,1,nexus_2026-08-30,34.73684210526316,41.05263157894737,24.21052631578948,35.39014825843521,40.061232621049754,24.548619120515042
2026-09-01,media,2,nexus_2026-08-30;realtime_2026-08-31,33.325867861142214,40.73908174692049,25.935050391937292,34.0042120346817,39.0400232894863,26.955764675832004
2026-09-02,media,3,nexus_2026-08-30;quaest_2026-09-01;realtime_2026-08-31,34.00586312694034,42.20003823778439,23.794098635275265,34.166946966369665,41.408286889664055,24.42476614396628
2026-09-03,media,4,datafolha_2026-09-02;nexus_2026-08-30;quaest_2026-09-01;realtime_2026-08-31,34.57033141113932,42.08958911789874,23.340079470961943,35.376774850627584,40.59961652779226,24.02360862158016
2026-09-04,media,4,datafolha_2026-09-02;nexus_2026-08-30;quaest_2026-09-01;realtime_2026-08-31,34.57033141113932,42.08958911789874,23.340079470961943,35.376774850627584,40.59961652779226,24.02360862158016
2026-09-05,media,4,datafolha_2026-09-02;nexus_2026-08-30;quaest_2026-09-01;realtime_2026-08-31,34.57033141113932,42.08958911789874,23.340079470961943,35.376774850627584,40.59961652779226,24.02360862158016
2026-09-06,media,4,datafolha_2026-09-02;nexus_2026-08-30;quaest_2026-09-01;realtime_2026-08-31,34.57033141113932,42.08958911789874,23.340079470961943,35.376774850627584,40.59961652779226,24.02360862158016
2026-09-07,media,3,datafolha_2026-09-02;quaest_2026-09-06;realtime_2026-08-31,34.51482784643138,42.02873756584187,23.456434587726747,35.40064283669016,40.37469455419572,24.224662609114116
2026-09-08,media,3,datafolha_2026-09-02;nexus_2026-09-07;quaest_2026-09-06,36.28787749182144,42.38334749491989,21.328775013258664,37.07622122814032,41.379401437689445,21.544377334170235
2026-09-09,media,3,datafolha_2026-09-02;nexus_2026-09-07;quaest_2026-09-06,36.28787749182144,42.38334749491989,21.328775013258664,37.07622122814032,41.379401437689445,21.544377334170235
2026-09-10,media,2,nexus_2026-09-07;quaest_2026-09-06,36.29994810586403,42.69590036325896,21.004151530877007,36.1112025905098,42.98229943544574,20.906497974044463
2026-09-11,media,3,datafolha_2026-09-10;nexus_2026-09-07;quaest_2026-09-06,36.74476827129287,42.44242819916189,20.812803529545246,37.69163169656301,41.43650452992655,20.871863773510437
2026-09-12,media,3,datafolha_2026-09-10;nexus_2026-09-07;quaest_2026-09-06,36.74476827129287,42.44242819916189,20.812803529545246,37.69163169656301,41.43650452992655,20.871863773510437
2026-09-13,media,3,datafolha_2026-09-10;nexus_2026-09-07;quaest_2026-09-06,36.74476827129287,42.44242819916189,20.812803529545246,37.69163169656301,41.43650452992655,20.871863773510437
2026-09-14,media,3,datafolha_2026-09-10;nexus_2026-09-13;quaest_2026-09-13,38.11516944005719,43.32994297023371,18.5548875897091,39.13741255437579,42.211559898056834,18.65102754756737
2026-09-15,media,3,datafolha_2026-09-10;nexus_2026-09-13;quaest_2026-09-13,38.11516944005719,43.32994297023371,18.5548875897091,39.13741255437579,42.211559898056834,18.65102754756737
2026-09-16,media,3,datafolha_2026-09-10;nexus_2026-09-13;quaest_2026-09-13,38.11516944005719,43.32994297023371,18.5548875897091,39.13741255437579,42.211559898056834,18.65102754756737
2026-09-17,media,4,atlas_2026-09-16;datafolha_2026-09-17;nexus_2026-09-13;quaest_2026-09-13,39.6090046670369,43.872903664560965,16.51809166840214,39.945994156493285,43.16259253549609,16.891413308010627
2026-09-18,media,4,atlas_2026-09-16;datafolha_2026-09-17;nexus_2026-09-13;quaest_2026-09-13,39.6090046670369,43.872903664560965,16.51809166840214,39.945994156493285,43.16259253549609,16.891413308010627
2026-09-19,media,4,atlas_2026-09-16;datafolha_2026-09-17;nexus_2026-09-13;quaest_2026-09-13,39.6090046670369,43.872903664560965,16.51809166840214,39.945994156493285,43.16259253549609,16.891413308010627
2026-09-20,media,4,atlas_2026-09-16;datafolha_2026-09-17;nexus_2026-09-13;quaest_2026-09-13,39.6090046670369,43.872903664560965,16.51809166840214,39.945994156493285,43.16259253549609,16.891413308010627
2026-09-21,media,5,atlas_2026-09-16;datafolha_2026-09-17;nexus_2026-09-20;palver_2026-09-18;quaest_2026-09-20,40.60751554688714,43.13410464670537,16.258379806407493,40.68159168867702,42.62297168829842,16.69543662302456
2026-09-22,media,5,atlas_2026-09-16;datafolha_2026-09-17;nexus_2026-09-20;palver_2026-09-18;quaest_2026-09-20,40.60751554688714,43.13410464670537,16.258379806407493,40.68159168867702,42.62297168829842,16.69543662302456
2026-09-23,media,5,atlas_2026-09-22;datafolha_2026-09-17;nexus_2026-09-20;palver_2026-09-18;quaest_2026-09-20,40.874043814598146,43.39616665329724,15.729789532104618,40.90811456567461,42.95978104396086,16.132104390364532
2026-09-24,media,7,atlas_2026-09-22;datafolha_2026-09-23;nexus_2026-09-20;palver_2026-09-23;poderdata_2026-09-23;quaest_2026-09-20;realtime_2026-09-23,40.98360375206769,43.96286784163213,15.05352840630018,41.44208252194368,43.1876491372686,15.370268340787716
2026-09-25,media,7,atlas_2026-09-22;datafolha_2026-09-23;nexus_2026-09-20;palver_2026-09-23;poderdata_2026-09-23;quaest_2026-09-20;realtime_2026-09-23,40.98360375206769,43.96286784163213,15.05352840630018,41.44208252194368,43.1876491372686,15.370268340787716
2026-09-26,media,7,atlas_2026-09-22;datafolha_2026-09-23;nexus_2026-09-20;palver_2026-09-23;poderdata_2026-09-23;quaest_2026-09-20;realtime_2026-09-23,40.98360375206769,43.96286784163213,15.05352840630018,41.44208252194368,43.1876491372686,15.370268340787716
2026-09-27,media,7,atlas_2026-09-22;datafolha_2026-09-23;nexus_2026-09-20;palver_2026-09-23;poderdata_2026-09-23;quaest_2026-09-20;realtime_2026-09-23,40.98360375206769,43.96286784163213,15.05352840630018,41.44208252194368,43.1876491372686,15.370268340787716
2026-09-28,media,7,atlas_2026-09-22;datafolha_2026-09-23;nexus_2026-09-27;palver_2026-09-23;poderdata_2026-09-23;quaest_2026-09-27;realtime_2026-09-23,41.032017005314664,44.47039852793041,14.49758446675492,41.46282290719971,43.72619251032501,14.81098458247528
2026-09-29,media,8,atlas_2026-09-28;datafolha_2026-09-23;gerp_2026-09-28;nexus_2026-09-27;palver_2026-09-27;poderdata_2026-09-23;quaest_2026-09-27;realtime_2026-09-23,41.37456665640784,44.30280104604088,14.322632297551284,42.008359949417894,43.360247900600136,14.631392149981977
2026-09-30,media,9,atlas_2026-09-28;datafolha_2026-09-23;gerp_2026-09-28;indexa_2026-09-29;nexus_2026-09-27;palver_2026-09-27;poderdata_2026-09-23;quaest_2026-09-27;realtime_2026-09-23,41.221837027918085,44.478306812167055,14.299856159914867,41.87058493810069,43.55165872489606,14.577756337003251
2026-10-01,media,8,atlas_2026-09-28;datafolha_2026-10-01;gerp_2026-09-28;indexa_2026-09-29;nexus_2026-09-27;palver_2026-09-27;quaest_2026-09-27;realtime_2026-09-30,41.61647203756836,44.99892150315821,13.384606459273433,42.37460535751254,44.11637126815373,13.50902337433373
2026-10-02,media,8,atlas_2026-09-28;datafolha_2026-10-01;gerp_2026-09-28;indexa_2026-09-29;nexus_2026-09-27;palver_2026-09-27;quaest_2026-09-27;realtime_2026-09-30,41.61647203756836,44.99892150315821,13.384606459273433,42.37460535751254,44.11637126815373,13.50902337433373
2026-10-03,media,10,atlas_2026-10-02;datafolha_2026-10-03;gerp_2026-10-02;indexa_2026-09-29;mda_2026-10-02;nexus_2026-09-27;palver_2026-10-03;poderdata_2026-10-02;quaest_2026-10-03;realtime_2026-09-30,43.046705571661974,45.42968282799876,11.523611600339263,43.87987359881141,44.4456947801266,11.67443162106199
2026-10-04,urna,,,47.02777235637371,45.1627679106361,7.809459732990192,47.02777235637371,45.1627679106361,7.809459732990192
