id,instituto,contratante,registro_tse,campo_inicio,campo_fim,divulgacao,n,turno,cenario,lula_publicado,lula_reponderado,flavio_publicado,flavio_reponderado,gap_publicado,gap_reponderado,margem_diferenca_95,residuo_max,desvio_ate_primeira_faixa,outras_opcoes_publicado,outras_opcoes_reponderado
realtime_2026-05-04,Real Time Big Data,não declarado no relatório de divulgação,BR-03627/2026,2026-05-02,2026-05-04,2026-05-05,2000,1t,pessoas16_efetivo,40.0,38.719,34.0,34.831,6.0,3.888,3.761,0.46,10.737,caiado=5.0;zema=4.0;renan_santos=3.0;cury=1.0;aldo=1.0;daciolo=1.0;rui=0.0;branco_nulo=6.0;indecisos=5.0,caiado=5.502;zema=4.412;renan_santos=3.35;cury=1.232;aldo=1.17;daciolo=0.955;rui=0.045;branco_nulo=5.553;indecisos=4.231
quaest_2026-05-11,Quaest,Banco Genial S.A. (Genial Investimentos),BR-03598/2026,2026-05-08,2026-05-11,2026-05-13,2004,2t,pessoas16_efetivo,42.0,42.197,41.0,40.763,1.0,1.434,3.989,0.79,-2.263,branco_nulo=14.0;indecisos=3.0,branco_nulo=13.962;indecisos=3.078
quaest_2026-05-11,Quaest,Banco Genial S.A. (Genial Investimentos),BR-03598/2026,2026-05-08,2026-05-11,2026-05-13,2004,1t,pessoas16_efetivo,39.0,39.197,33.0,32.844,6.0,6.353,3.706,0.42,-2.263,caiado=4.0;zema=4.0;renan_santos=2.0;cury=1.0;samara=1.0;daciolo=1.0;aldo=0.0;hertz=0.0;indecisos=5.0;branco_nulo=10.0,caiado=4.015;zema=3.937;renan_santos=2.0;cury=0.972;samara=1.023;daciolo=0.977;aldo=0.0;hertz=0.0;indecisos=5.063;branco_nulo=9.972
gerp_2026-05-12,Gerp,Gerp Mercadologia (pesquisa institucional; o relatório não declara contratante externo),BR-03369/2026,2026-05-08,2026-05-12,2026-05-14,2000,1t,pessoas16_efetivo,35.0,34.874,37.0,37.578,-2.0,-2.704,3.718,0.41,8.548,ciro=7.0;zema=6.0;caiado=2.0;renan_santos=1.0;aldo=0.0;branco_nulo=6.0;indecisos=6.0,ciro=7.573;zema=6.005;caiado=1.946;renan_santos=1.108;aldo=0.0;branco_nulo=5.51;indecisos=5.52
atlas_2026-05-18,AtlasIntel,Bloomberg,BR-06939/2026,2026-05-13,2026-05-18,2026-05-19,5032,1t,pessoas16_efetivo,47.0,47.491,34.3,33.794,12.7,13.697,2.466,0.105,5.889,renan_santos=6.9;zema=5.2;caiado=2.7;cury=0.4;aldo=0.2;branco_nulo=1.4;indecisos=1.9,renan_santos=7.109;zema=5.331;caiado=2.743;cury=0.412;aldo=0.252;branco_nulo=1.376;indecisos=1.503
datafolha_2026-05-21,Datafolha,Folha de S.Paulo e TV Globo,BR-09956/2026,2026-05-20,2026-05-21,2026-05-22,2004,2t,pessoas16_efetivo,47.0,43.673,43.0,46.532,4.0,-2.859,4.15,0.132,16.764,branco_nulo=9.0;indecisos=2.0,branco_nulo=9.14;indecisos=1.87
datafolha_2026-05-21,Datafolha,Folha de S.Paulo e TV Globo,BR-09956/2026,2026-05-20,2026-05-21,2026-05-22,2004,1t,pessoas16_efetivo,40.0,37.234,31.0,34.179,9.0,3.055,3.668,0.531,16.764,caiado=4.0;renan_santos=3.0;zema=3.0;cury=2.0;samara=3.0;rui=1.0;daciolo=1.0;aldo=1.0;hertz=0.0;branco_nulo=9.0;indecisos=3.0,caiado=4.427;renan_santos=3.475;zema=3.575;cury=1.956;samara=2.798;rui=0.952;daciolo=0.952;aldo=0.832;hertz=0.0;branco_nulo=8.463;indecisos=2.405
gerp_2026-05-21,Gerp,Gerp Mercadologia (pesquisa institucional; o relatório não declara contratante externo),BR-07971/2026,2026-05-18,2026-05-21,2026-05-22,2000,1t,pessoas16_efetivo,38.0,36.925,38.0,38.553,0.0,-1.628,3.821,0.47,9.548,zema=3.0;outros=3.0;renan_santos=3.0;caiado=2.0;cury=1.0;branco_nulo=4.0;indecisos=6.0,zema=3.419;outros=3.059;renan_santos=3.113;caiado=2.117;cury=1.06;branco_nulo=3.956;indecisos=5.906
nexus_2026-05-24,Nexus,Banco BTG Pactual,BR-04193/2026,2026-05-22,2026-05-24,2026-05-25,2045,2t,pessoas16_efetivo,47.0,46.07,43.0,44.611,4.0,1.459,4.108,0.5,11.548,branco_nulo=9.0;indecisos=1.0,branco_nulo=8.413;indecisos=0.953
nexus_2026-05-24,Nexus,Banco BTG Pactual,BR-04193/2026,2026-05-22,2026-05-24,2026-05-25,2045,1t,pessoas16_efetivo,40.0,39.133,35.0,35.699,5.0,3.434,3.747,0.55,11.548,caiado=5.0;zema=4.0;renan_santos=3.0;cury=1.0;joaquim=2.0;daciolo=1.0;branco_nulo=7.0;indecisos=2.0,caiado=4.756;zema=4.212;renan_santos=3.258;cury=1.17;joaquim=2.17;daciolo=0.945;branco_nulo=6.822;indecisos=1.89
poderdata_2026-05-28,PoderData,Poder360,BR-04882/2026,2026-05-25,2026-05-28,2026-05-29,2400,1t,pessoas16_efetivo,40.0,39.84,35.0,35.509,5.0,4.331,3.459,0.67,10.737,cury=3.0;renan_santos=3.0;zema=4.0;caiado=3.0;joaquim=3.0;branco_nulo=6.0;indecisos=3.0,cury=3.125;renan_santos=2.938;zema=4.429;caiado=3.09;joaquim=3.0;branco_nulo=5.418;indecisos=2.695
realtime_2026-05-30,Real Time Big Data,não declarado no relatório de divulgação,BR-05864/2026,2026-05-29,2026-05-30,2026-06-01,2000,1t,pessoas16_efetivo,38.0,36.612,31.0,31.662,7.0,4.95,3.628,0.5,10.737,renan_santos=6.0;caiado=6.0;zema=4.0;cury=1.0;aecio=3.0;joaquim=3.0;outros_esquerda=1.0;branco_nulo=3.0;indecisos=4.0,renan_santos=6.44;caiado=6.332;zema=4.412;cury=1.232;aecio=3.187;joaquim=3.305;outros_esquerda=0.938;branco_nulo=2.463;indecisos=3.418
gerp_2026-06-05,Gerp,Gerp Mercadologia (pesquisa institucional; o relatório não declara contratante externo),BR-01792/2026,2026-06-02,2026-06-05,2026-06-09,2000,1t,pessoas16_efetivo,34.0,33.888,35.0,35.763,-1.0,-1.875,3.64,0.553,10.181,renan_santos=4.0;zema=2.0;caiado=2.0;outros=2.0;indecisos=12.0;branco_nulo=7.0,renan_santos=4.335;zema=2.313;caiado=2.167;outros=2.265;indecisos=11.429;branco_nulo=5.825
quaest_2026-06-08,Quaest,Banco Genial S.A. (Genial Investimentos),BR-07661/2026,2026-06-05,2026-06-08,2026-06-10,2004,2t,pessoas16_efetivo,44.0,44.566,38.0,37.547,6.0,7.019,3.956,0.4,-4.213,branco_nulo=14.0;indecisos=4.0,branco_nulo=13.901;indecisos=3.985
quaest_2026-06-08,Quaest,Banco Genial S.A. (Genial Investimentos),BR-07661/2026,2026-06-05,2026-06-08,2026-06-10,2004,1t,pessoas16_efetivo,39.0,39.623,29.0,28.659,10.0,10.964,3.584,0.44,-4.213,renan_santos=3.0;caiado=3.0;zema=2.0;cury=1.0;samara=1.0;aecio=2.0;joaquim=1.0;daciolo=0.0;edmilson=0.0;hero=0.0;indecisos=10.0;branco_nulo=9.0,renan_santos=2.943;caiado=2.93;zema=1.916;cury=1.0;samara=1.042;aecio=2.0;joaquim=0.958;daciolo=0.0;edmilson=0.0;hero=0.0;indecisos=9.901;branco_nulo=9.028
mda_2026-06-14,MDA,Confederação Nacional do Transporte (CNT),BR-04256/2026,2026-06-10,2026-06-14,2026-06-16,2002,2t,pessoas16_efetivo,49.3,48.342,36.8,37.8,12.5,10.542,4.028,0.157,7.114,branco_nulo=11.2;indecisos=2.7,branco_nulo=11.153;indecisos=2.809
mda_2026-06-14,MDA,Confederação Nacional do Transporte (CNT),BR-04256/2026,2026-06-10,2026-06-14,2026-06-16,2002,1t,pessoas16_efetivo,41.8,40.918,28.2,28.987,13.6,11.931,3.616,0.221,7.114,outros=14.8;branco_nulo=7.0;indecisos=7.9,outros=15.051;branco_nulo=6.958;indecisos=7.895
nexus_2026-06-14,Nexus,Banco BTG Pactual,BR-06645/2026,2026-06-12,2026-06-14,2026-06-15,2017,2t,pessoas16_efetivo,49.0,48.048,43.0,43.965,6.0,4.083,4.178,0.36,8.557,branco_nulo=8.0;indecisos=1.0,branco_nulo=8.035;indecisos=0.952
nexus_2026-06-14,Nexus,Banco BTG Pactual,BR-06645/2026,2026-06-12,2026-06-14,2026-06-15,2017,1t,pessoas16_efetivo,42.0,41.229,33.0,33.841,9.0,7.388,3.759,0.66,8.557,caiado=4.0;renan_santos=4.0;zema=2.0;cury=2.0;joaquim=2.0;aecio=1.0;daciolo=1.0;branco_nulo=5.0;indecisos=3.0,caiado=4.257;renan_santos=4.385;zema=2.111;cury=1.814;joaquim=2.048;aecio=0.736;daciolo=0.851;branco_nulo=4.72;indecisos=2.706
datafolha_2026-06-18,Datafolha,Folha de S.Paulo e TV Globo,BR-01166/2026,2026-06-17,2026-06-18,2026-06-19,2004,2t,pessoas16_efetivo,47.0,45.096,43.0,45.339,4.0,-0.243,4.15,0.554,17.418,branco_nulo=8.0;indecisos=1.0,branco_nulo=7.7;indecisos=0.69
datafolha_2026-06-18,Datafolha,Folha de S.Paulo e TV Globo,BR-01166/2026,2026-06-17,2026-06-18,2026-06-19,2004,1t,pessoas16_efetivo,41.0,39.621,31.0,33.062,10.0,6.559,3.689,0.509,17.418,caiado=3.0;renan_santos=3.0;zema=2.0;cury=2.0;samara=2.0;aecio=2.0;joaquim=1.0;daciolo=1.0;rui=1.0;hertz=0.0;edmilson=0.0;branco_nulo=7.0;indecisos=4.0,caiado=3.384;renan_santos=3.411;zema=2.239;cury=2.21;samara=1.775;aecio=1.775;joaquim=1.272;daciolo=1.05;rui=0.912;hertz=0.0;edmilson=0.086;branco_nulo=6.021;indecisos=3.415
gerp_2026-06-18,Gerp,Gerp Mercadologia (pesquisa institucional; o relatório não declara contratante externo),BR-09657/2026,2026-06-15,2026-06-18,2026-06-24,2000,1t,pessoas16_efetivo,37.0,36.43,34.0,35.708,3.0,0.722,3.691,0.73,9.557,caiado=4.0;renan_santos=3.0;zema=3.0;outros=1.0;indecisos=11.0;branco_nulo=6.0,caiado=4.024;renan_santos=3.345;zema=3.332;outros=1.068;indecisos=9.408;branco_nulo=5.807
poderdata_2026-06-24,PoderData,Poder360,BR-05722/2026,2026-06-21,2026-06-24,2026-06-25,2400,1t,pessoas16_efetivo,40.0,40.273,36.0,35.988,4.0,4.285,3.484,0.74,10.787,cury=3.0;renan_santos=4.0;zema=3.0;caiado=4.0;joaquim=3.0;branco_nulo=5.0;indecisos=3.0,cury=2.847;renan_santos=4.153;zema=3.244;caiado=3.938;joaquim=2.892;branco_nulo=4.71;indecisos=2.847
nexus_2026-06-28,Nexus,Banco BTG Pactual,BR-08521/2026,2026-06-26,2026-06-28,2026-06-29,2009,2t,pessoas16_efetivo,47.0,45.798,44.0,45.254,3.0,0.544,4.169,0.465,8.339,branco_nulo=8.0;indecisos=1.0,branco_nulo=8.075;indecisos=0.873
nexus_2026-06-28,Nexus,Banco BTG Pactual,BR-08521/2026,2026-06-26,2026-06-28,2026-06-29,2009,1t,pessoas16_efetivo,42.0,40.926,34.0,35.074,8.0,5.852,3.796,0.604,8.339,caiado=5.0;renan_santos=4.0;zema=3.0;cury=1.0;joaquim=1.0;aecio=1.0;daciolo=1.0;branco_nulo=5.0;indecisos=3.0,caiado=5.103;renan_santos=4.159;zema=3.187;cury=1.0;joaquim=1.044;aecio=0.877;daciolo=1.075;branco_nulo=4.571;indecisos=2.864
atlas_2026-06-30,AtlasIntel,Bloomberg,BR-04582/2026,2026-06-26,2026-06-30,2026-07-01,4999,1t,pessoas16_efetivo,46.3,47.111,36.6,35.317,9.7,11.794,2.51,0.117,5.517,renan_santos=7.8;caiado=2.9;zema=2.0;samara=0.6;cury=0.5;joaquim=1.0;aecio=0.7;daciolo=0.3;rui=0.1;edmilson=0.0;hertz=0.0;branco_nulo=1.1;indecisos=0.1,renan_santos=8.086;caiado=3.012;zema=2.274;samara=0.666;cury=0.418;joaquim=1.005;aecio=0.634;daciolo=0.294;rui=0.112;edmilson=-0.011;hertz=0.006;branco_nulo=0.939;indecisos=0.14
gerp_2026-07-07,Gerp,"AESP Rádio + TV · Associação Paulista, em parceria técnica com o Instituto Gerp (Gerp Opinião®)",BR-03067/2026,2026-07-03,2026-07-07,2026-07-08,2000,2t,pessoas16_efetivo,42.0,40.327,45.0,47.903,-3.0,-7.576,4.086,0.32,12.559,branco_nulo=9.0;indecisos=4.0,branco_nulo=8.396;indecisos=3.233
gerp_2026-07-07,Gerp,"AESP Rádio + TV · Associação Paulista, em parceria técnica com o Instituto Gerp (Gerp Opinião®)",BR-03067/2026,2026-07-03,2026-07-07,2026-07-08,2000,1t,pessoas16_efetivo,36.0,35.102,36.0,38.585,0.0,-3.483,3.719,0.27,12.559,caiado=4.0;renan_santos=2.0;zema=2.0;cury=1.0;indecisos=11.0;branco_nulo=6.0,caiado=4.352;renan_santos=2.021;zema=2.451;cury=1.151;indecisos=9.351;branco_nulo=5.259
nexus_2026-07-12,Nexus,Banco BTG Pactual,BR-07981/2026,2026-07-10,2026-07-12,2026-07-13,2003,2t,pessoas16_efetivo,47.0,46.06,44.0,44.705,3.0,1.355,4.176,0.4,6.559,branco_nulo=8.0;indecisos=1.0,branco_nulo=8.356;indecisos=0.879
nexus_2026-07-12,Nexus,Banco BTG Pactual,BR-07981/2026,2026-07-10,2026-07-12,2026-07-13,2003,1t,pessoas16_efetivo,40.0,39.139,34.0,34.806,6.0,4.333,3.758,0.4,6.559,caiado=5.0;renan_santos=4.0;zema=4.0;cury=2.0;joaquim=2.0;aecio=1.0;daciolo=0.0;branco_nulo=6.0;indecisos=3.0,caiado=5.121;renan_santos=4.404;zema=4.041;cury=2.048;joaquim=2.023;aecio=0.821;daciolo=0.017;branco_nulo=5.631;indecisos=2.876
quaest_2026-07-13,Quaest,Banco Genial S.A. (Genial Investimentos),BR-07181/2026,2026-07-10,2026-07-13,2026-07-15,2004,2t,pessoas16_efetivo,45.0,45.504,37.0,36.525,8.0,8.979,3.949,0.6,-4.187,branco_nulo=14.0;indecisos=4.0,branco_nulo=13.998;indecisos=3.973
quaest_2026-07-13,Quaest,Banco Genial S.A. (Genial Investimentos),BR-07181/2026,2026-07-10,2026-07-13,2026-07-15,2004,1t,pessoas16_efetivo,40.0,40.49,28.0,27.734,12.0,12.756,3.572,0.87,-4.187,caiado=4.0;renan_santos=3.0;zema=2.0;cury=1.0;samara=1.0;daciolo=1.0;joaquim=1.0;edmilson=0.0;hero=0.0;hertz=0.0;indecisos=11.0;branco_nulo=8.0,caiado=3.929;renan_santos=2.958;zema=1.916;cury=1.0;samara=1.0;daciolo=0.973;joaquim=1.0;edmilson=0.0;hero=0.0;hertz=0.0;indecisos=11.014;branco_nulo=7.986
poderdata_2026-07-15,PoderData,Poder360,BR-00059/2026,2026-07-12,2026-07-15,2026-07-16,2400,1t,pessoas16_efetivo,40.0,39.75,34.0,34.433,6.0,5.317,3.433,0.42,10.813,cury=3.0;renan_santos=6.0;zema=4.0;caiado=4.0;branco_nulo=5.0;indecisos=5.0,cury=2.909;renan_santos=5.954;zema=4.324;caiado=4.324;branco_nulo=4.693;indecisos=4.567
gerp_2026-07-17,Gerp,Gerp Mercadologia (pesquisa institucional; o relatório não declara contratante externo),BR-05026/2026,2026-07-15,2026-07-17,2026-07-22,2000,1t,pessoas16_efetivo,38.0,36.61,38.0,39.283,0.0,-2.673,3.821,0.35,9.559,zema=3.0;renan_santos=3.0;caiado=3.0;samara=1.0;branco_nulo=5.0;indecisos=7.0,zema=3.356;renan_santos=3.078;caiado=3.257;samara=0.85;branco_nulo=4.77;indecisos=6.624
realtime_2026-07-20,Real Time Big Data,não declarado no relatório de divulgação,BR-05864/2026,2026-07-18,2026-07-20,2026-07-21,2000,1t,pessoas16_efetivo,40.0,38.105,33.0,34.235,7.0,3.87,3.732,0.38,10.813,renan_santos=9.0;caiado=7.0;zema=2.0;cury=1.0;outros=2.0;branco_nulo=3.0;indecisos=3.0,renan_santos=9.939;caiado=7.632;zema=2.199;cury=0.954;outros=1.846;branco_nulo=2.63;indecisos=2.459
datafolha_2026-07-23,Datafolha,Folha de S.Paulo e TV Globo,BR-07489/2026,2026-07-22,2026-07-23,2026-07-24,2004,2t,pessoas16_efetivo,48.0,45.416,43.0,45.489,5.0,-0.073,4.171,0.16,16.865,branco_nulo=9.0;indecisos=1.0,branco_nulo=9.164;indecisos=0.872
datafolha_2026-07-23,Datafolha,Folha de S.Paulo e TV Globo,BR-07489/2026,2026-07-22,2026-07-23,2026-07-24,2004,1t,pessoas16_efetivo,40.0,38.135,32.0,33.382,8.0,4.753,3.699,0.621,16.865,caiado=4.0;renan_santos=3.0;zema=3.0;cury=2.0;samara=1.0;rui=1.0;daciolo=1.0;edmilson=0.0;avalanche=0.0;hertz=0.0;branco_nulo=8.0;indecisos=3.0,caiado=4.564;renan_santos=3.693;zema=3.436;cury=1.923;samara=0.703;rui=0.941;daciolo=0.872;edmilson=-0.099;avalanche=0.0;hertz=0.0;branco_nulo=7.706;indecisos=2.703
nexus_2026-07-26,Nexus,Banco BTG Pactual,BR-01489/2026,2026-07-24,2026-07-26,2026-07-27,2004,2t,pessoas16_efetivo,47.0,45.444,43.0,44.651,4.0,0.793,4.15,0.87,9.559,branco_nulo=9.0;indecisos=1.0,branco_nulo=9.104;indecisos=0.801
nexus_2026-07-26,Nexus,Banco BTG Pactual,BR-01489/2026,2026-07-24,2026-07-26,2026-07-27,2004,1t,pessoas16_efetivo,42.0,40.308,33.0,33.903,9.0,6.405,3.771,0.53,9.559,caiado=6.0;renan_santos=5.0;zema=3.0;cury=2.0;daciolo=1.0;branco_nulo=6.0;indecisos=2.0,caiado=6.39;renan_santos=5.351;zema=3.311;cury=2.199;daciolo=0.985;branco_nulo=5.745;indecisos=1.793
atlas_2026-07-27,AtlasIntel,Bloomberg,BR-08602/2026,2026-07-22,2026-07-27,2026-07-29,5021,1t,pessoas16_efetivo,44.9,45.301,35.8,34.878,9.1,10.423,2.472,0.123,5.219,renan_santos=7.8;caiado=3.1;zema=2.8;samara=2.1;cury=1.6;daciolo=0.1;hertz=0.1;rui=0.0;edmilson=0.0;branco_nulo=0.6;indecisos=1.0,renan_santos=8.259;caiado=3.184;zema=3.151;samara=1.953;cury=1.387;daciolo=0.108;hertz=0.112;rui=0.006;edmilson=0.005;branco_nulo=0.557;indecisos=0.977
poderdata_2026-07-29,PoderData,Poder360,BR-07845/2026,2026-07-26,2026-07-29,2026-07-30,2400,1t,pessoas16_efetivo,41.0,40.966,35.0,35.017,6.0,5.949,3.48,0.46,10.813,cury=3.0;renan_santos=4.0;zema=3.0;caiado=5.0;branco_nulo=5.0;indecisos=4.0,cury=2.846;renan_santos=4.108;zema=3.199;caiado=5.37;branco_nulo=4.647;indecisos=3.863
nexus_2026-08-02,Nexus,Banco BTG Pactual,BR-02874/2026,2026-07-31,2026-08-02,2026-08-03,2002,2t,pessoas16_efetivo,46.0,44.752,45.0,46.473,1.0,-1.721,4.179,0.287,8.341,branco_nulo=8.0;indecisos=2.0,branco_nulo=8.073;indecisos=1.746
nexus_2026-08-02,Nexus,Banco BTG Pactual,BR-02874/2026,2026-07-31,2026-08-02,2026-08-03,2002,1t,pessoas16_efetivo,41.0,39.674,37.0,38.233,4.0,1.441,3.865,0.515,8.341,caiado=5.0;renan_santos=4.0;zema=3.0;outros=3.0;branco_nulo=4.0;indecisos=3.0,caiado=5.085;renan_santos=4.272;zema=3.053;outros=2.75;branco_nulo=3.781;indecisos=3.034
quaest_2026-08-03,Quaest,Banco Genial S.A. (Genial Investimentos),BR-06591/2026,2026-07-31,2026-08-03,2026-08-05,2004,2t,pessoas16_efetivo,44.0,44.617,39.0,38.441,5.0,6.176,3.983,0.32,-4.187,branco_nulo=13.0;indecisos=4.0,branco_nulo=12.97;indecisos=3.973
quaest_2026-08-03,Quaest,Banco Genial S.A. (Genial Investimentos),BR-06591/2026,2026-07-31,2026-08-03,2026-08-05,2004,1t,pessoas16_efetivo,39.0,39.673,30.0,29.58,9.0,10.093,3.615,0.72,-4.187,renan_santos=4.0;caiado=4.0;zema=2.0;cury=1.0;samara=1.0;daciolo=1.0;clariana=0.0;edmilson=0.0;hertz=0.0;avalanche=0.0;indecisos=10.0;branco_nulo=8.0,renan_santos=3.944;caiado=3.845;zema=1.986;cury=1.0;samara=0.973;daciolo=1.027;clariana=0.0;edmilson=0.0;hertz=0.0;avalanche=0.0;indecisos=10.029;branco_nulo=7.944
mda_2026-08-09,MDA,Confederação Nacional do Transporte (CNT),BR-06935/2026,2026-08-05,2026-08-09,2026-08-11,2002,2t,pessoas16_efetivo,48.0,46.857,39.1,40.66,8.9,6.197,4.07,0.379,10.056,branco_nulo=10.6;indecisos=2.3,branco_nulo=10.384;indecisos=2.199
mda_2026-08-09,MDA,Confederação Nacional do Transporte (CNT),BR-06935/2026,2026-08-05,2026-08-09,2026-08-11,2002,1t,pessoas16_efetivo,42.4,41.42,28.7,29.631,13.7,11.789,3.645,0.065,10.056,outros=14.7;branco_nulo=6.8;indecisos=7.2,outros=15.102;branco_nulo=6.573;indecisos=6.973
nexus_2026-08-09,Nexus,Banco BTG Pactual,BR-08428/2026,2026-08-07,2026-08-09,2026-08-10,2001,2t,pessoas16_efetivo,47.0,46.22,44.0,44.5,3.0,1.72,4.178,0.28,7.559,branco_nulo=8.0;indecisos=1.0,branco_nulo=8.222;indecisos=0.982
nexus_2026-08-09,Nexus,Banco BTG Pactual,BR-08428/2026,2026-08-07,2026-08-09,2026-08-10,2001,1t,pessoas16_efetivo,40.0,39.337,35.0,35.16,5.0,4.177,3.788,0.46,7.559,caiado=5.0;renan_santos=4.0;zema=3.0;outros=4.0;branco_nulo=5.0;indecisos=3.0,caiado=5.094;renan_santos=4.187;zema=3.335;outros=4.071;branco_nulo=4.834;indecisos=2.932
palver_2026-08-09,Palver,Palver (iniciativa própria),BR-06596/2026,2026-08-03,2026-08-09,2026-08-10,5000,2t,pessoas16_efetivo,46.209,46.523,45.506,44.811,0.702,1.712,2.654,0.0,6.936,branco_nulo=7.691;indecisos=0.594,branco_nulo=8.078;indecisos=0.588
palver_2026-08-09,Palver,Palver (iniciativa própria),BR-06596/2026,2026-08-03,2026-08-09,2026-08-10,5000,1t,pessoas16_efetivo,44.253,44.428,39.902,38.804,4.352,5.624,2.54,0.0,6.936,renan_santos=10.243;caiado=1.57;zema=1.206;samara=0.8;outros=0.547;branco_nulo=1.121;indecisos=0.358,renan_santos=10.904;caiado=1.712;zema=1.28;samara=0.812;outros=0.548;branco_nulo=1.153;indecisos=0.359
gerp_2026-08-10,Gerp,Gerp Mercadologia (pesquisa institucional; o relatório não declara contratante externo),BR-08045/2026,2026-08-06,2026-08-10,2026-08-10,2400,1t,pessoas16_efetivo,38.0,36.817,38.0,39.36,0.0,-2.543,3.488,0.55,10.559,renan_santos=5.0;caiado=4.0;zema=2.0;outros=1.0;branco_nulo=4.0;indecisos=7.0,renan_santos=5.187;caiado=4.352;zema=2.395;outros=1.068;branco_nulo=3.667;indecisos=6.276
poderdata_2026-08-12,PoderData,Poder360,BR-06868/2026,2026-08-09,2026-08-12,2026-08-13,2400,1t,pessoas16_efetivo,41.0,41.364,35.0,35.193,6.0,6.171,3.48,1.14,10.813,cury=3.0;renan_santos=4.0;zema=3.0;caiado=4.0;samara=0.0;clariana=1.0;edmilson=0.0;hertz=0.0;avalanche=1.0;rui=1.0;grassi=0.0;branco_nulo=4.0;indecisos=2.0,cury=3.171;renan_santos=4.046;zema=3.154;caiado=4.199;samara=-0.063;clariana=0.892;edmilson=0.0;hertz=0.0;avalanche=1.0;rui=0.892;grassi=0.0;branco_nulo=3.539;indecisos=1.829
quaest_2026-08-13,Quaest,Globo Comunicação e Participações S/A e Editora Globo S/A,BR-06773/2026,2026-08-10,2026-08-13,2026-08-14,2004,2t,pessoas16_efetivo,43.0,43.895,40.0,39.258,3.0,4.637,3.987,0.61,-4.187,branco_nulo=13.0;indecisos=4.0,branco_nulo=12.805;indecisos=4.042
quaest_2026-08-13,Quaest,Globo Comunicação e Participações S/A e Editora Globo S/A,BR-06773/2026,2026-08-10,2026-08-13,2026-08-14,2004,1t,pessoas16_efetivo,38.0,38.797,31.0,30.538,7.0,8.259,3.624,0.77,-4.187,renan_santos=4.0;caiado=4.0;cury=2.0;zema=2.0;samara=1.0;clariana=0.0;edmilson=0.0;hertz=0.0;avalanche=0.0;rui=0.0;grassi=0.0;indecisos=10.0;branco_nulo=8.0,renan_santos=3.902;caiado=3.902;cury=1.986;zema=1.944;samara=0.958;clariana=0.0;edmilson=0.042;hertz=0.0;avalanche=0.0;rui=0.0;grassi=0.0;indecisos=10.043;branco_nulo=7.889
nexus_2026-08-16,Nexus,Banco BTG Pactual,BR-03317/2026,2026-08-14,2026-08-16,2026-08-17,2003,2t,pessoas16_efetivo,47.0,46.737,44.0,44.277,3.0,2.46,4.176,0.21,5.559,branco_nulo=8.0;indecisos=1.0,branco_nulo=7.881;indecisos=1.075
nexus_2026-08-16,Nexus,Banco BTG Pactual,BR-03317/2026,2026-08-14,2026-08-16,2026-08-17,2003,1t,pessoas16_efetivo,41.0,40.695,36.0,36.062,5.0,4.633,3.837,0.54,5.559,caiado=5.0;renan_santos=4.0;zema=4.0;outros=2.0;branco_nulo=5.0;indecisos=2.0,caiado=5.136;renan_santos=4.266;zema=4.18;outros=2.087;branco_nulo=4.563;indecisos=2.049
datafolha_2026-08-19,Datafolha,Folha de S.Paulo e TV Globo,BR-04496/2026,2026-08-18,2026-08-19,2026-08-21,2058,2t,pessoas16_efetivo,47.0,44.24,43.0,46.075,4.0,-1.835,4.095,0.395,16.779,branco_nulo=9.0;indecisos=2.0,branco_nulo=8.945;indecisos=1.908
datafolha_2026-08-19,Datafolha,Folha de S.Paulo e TV Globo,BR-04496/2026,2026-08-18,2026-08-19,2026-08-21,2058,1t,pessoas16_efetivo,39.0,36.706,33.0,35.534,6.0,1.172,3.657,0.796,16.779,caiado=5.0;renan_santos=4.0;zema=3.0;cury=2.0;samara=1.0;rui=1.0;edmilson=1.0;grassi=1.0;clariana=0.0;hertz=0.0;branco_nulo=6.0;indecisos=4.0,caiado=5.541;renan_santos=3.945;zema=3.428;cury=2.298;samara=0.832;rui=0.832;edmilson=0.962;grassi=1.0;clariana=-0.168;hertz=0.0;branco_nulo=5.442;indecisos=3.702
verita_2026-08-20,Veritá,Iniciativa própria do Instituto Veritá,BR-04006/2026,2026-08-16,2026-08-20,2026-08-20,3840,2t,pessoas16_efetivo,42.0,41.734,47.3,47.656,-5.3,-5.922,2.984,0.032,3.146,branco_nulo=6.1;indecisos=4.6,branco_nulo=6.113;indecisos=4.494
nexus_2026-08-23,Nexus,Banco BTG Pactual,BR-09028/2026,2026-08-21,2026-08-23,2026-08-24,2006,2t,pessoas16_efetivo,46.0,45.403,45.0,45.877,1.0,-0.474,4.174,0.5,5.559,branco_nulo=8.0;indecisos=1.0,branco_nulo=7.812;indecisos=0.938
nexus_2026-08-23,Nexus,Banco BTG Pactual,BR-09028/2026,2026-08-21,2026-08-23,2026-08-24,2006,1t,pessoas16_efetivo,41.0,40.154,37.0,37.497,4.0,2.657,3.861,0.56,5.559,caiado=5.0;renan_santos=3.0;zema=3.0;outros=3.0;branco_nulo=5.0;indecisos=3.0,caiado=5.204;renan_santos=3.154;zema=3.099;outros=3.015;branco_nulo=4.801;indecisos=3.051
gerp_2026-08-25,Gerp,"Gerp Mercadologia em parceria com a AESP Rádio + TV (sem contratação por candidatura, partido ou coligação)",BR-03547/2026,2026-08-21,2026-08-25,2026-08-25,2400,2t,pessoas16_efetivo,42.0,40.536,47.0,48.801,-5.0,-8.265,3.769,0.21,9.559,branco_nulo=8.0;indecisos=3.0,branco_nulo=8.075;indecisos=2.585
nexus_2026-08-30,Nexus,Banco BTG Pactual,BR-08900/2026,2026-08-28,2026-08-30,2026-08-31,2005,2t,pessoas16_efetivo,46.0,44.893,45.0,46.163,1.0,-1.27,4.175,0.66,5.559,branco_nulo=8.0;indecisos=1.0,branco_nulo=7.981;indecisos=0.937
nexus_2026-08-30,Nexus,Banco BTG Pactual,BR-08900/2026,2026-08-28,2026-08-30,2026-08-31,2005,1t,pessoas16_efetivo,39.0,38.208,33.0,33.753,6.0,4.455,3.705,0.52,5.559,cury=11.0;caiado=5.0;renan_santos=3.0;zema=1.0;samara=1.0;outros=2.0;branco_nulo=3.0;indecisos=3.0,cury=11.218;caiado=5.089;renan_santos=3.218;zema=1.0;samara=0.944;outros=1.944;branco_nulo=2.944;indecisos=2.715
realtime_2026-08-31,Real Time Big Data,não declarado no relatório de divulgação,BR-03490/2026,2026-08-27,2026-08-31,2026-09-01,2000,1t,pessoas16_efetivo,38.0,35.889,30.0,30.791,8.0,5.098,3.597,1.13,10.813,cury=11.0;renan_santos=7.0;caiado=4.0;zema=2.0;outros=2.0;branco_nulo=3.0;indecisos=3.0,cury=11.415;renan_santos=7.751;caiado=4.444;zema=2.199;outros=1.909;branco_nulo=2.738;indecisos=2.801
quaest_2026-09-01,Quaest,Globo Comunicação e Participações S/A e Editora Globo S/A,BR-07065/2026,2026-08-30,2026-09-01,2026-09-02,2004,2t,pessoas16_efetivo,42.0,42.56,41.0,40.258,1.0,2.302,3.989,0.39,-4.187,branco_nulo=13.0;indecisos=4.0,branco_nulo=13.056;indecisos=4.126
quaest_2026-09-01,Quaest,Globo Comunicação e Participações S/A e Editora Globo S/A,BR-07065/2026,2026-08-30,2026-09-01,2026-09-02,2004,1t,pessoas16_efetivo,37.0,37.728,29.0,28.201,8.0,9.527,3.54,0.39,-4.187,cury=10.0;renan_santos=3.0;caiado=1.0;zema=1.0;samara=1.0;rui=0.0;grassi=0.0;clariana=0.0;edmilson=0.0;hertz=0.0;indecisos=11.0;branco_nulo=7.0,cury=9.845;renan_santos=3.0;caiado=1.0;zema=0.986;samara=1.0;rui=0.0;grassi=0.0;clariana=0.0;edmilson=0.0;hertz=0.0;indecisos=11.183;branco_nulo=7.056
datafolha_2026-09-02,Datafolha,Folha de S.Paulo e TV Globo,BR-03669/2026,2026-09-01,2026-09-02,2026-09-03,2002,2t,pessoas16_efetivo,46.0,42.242,44.0,47.752,2.0,-5.51,4.155,0.207,17.524,branco_nulo=9.0;indecisos=2.0,branco_nulo=9.181;indecisos=1.825
datafolha_2026-09-02,Datafolha,Folha de S.Paulo e TV Globo,BR-03669/2026,2026-09-01,2026-09-02,2026-09-03,2002,1t,pessoas16_efetivo,38.0,35.072,33.0,35.837,5.0,-0.765,3.685,0.51,17.524,cury=8.0;caiado=4.0;renan_santos=3.0;zema=2.0;samara=1.0;edmilson=1.0;rui=1.0;grassi=0.0;clariana=0.0;hertz=0.0;branco_nulo=6.0;indecisos=3.0,cury=9.006;caiado=4.0;renan_santos=3.48;zema=1.915;samara=0.87;edmilson=0.87;rui=0.825;grassi=0.0;clariana=0.0;hertz=0.0;branco_nulo=5.65;indecisos=2.52
verita_2026-09-04,Veritá,Iniciativa própria do Instituto Veritá,BR-09426/2026,2026-09-01,2026-09-04,2026-09-05,3840,2t,pessoas16_efetivo,43.1,42.427,48.5,48.946,-5.4,-6.519,3.022,0.092,8.485,branco_nulo=4.9;indecisos=3.6,branco_nulo=5.183;indecisos=3.55
quaest_2026-09-06,Quaest,Globo Comunicação e Participações S/A e Editora Globo S/A,BR-01720/2026,2026-09-03,2026-09-06,2026-09-07,2004,2t,pessoas16_efetivo,41.0,41.588,41.0,40.3,0.0,1.288,3.965,0.3,-4.187,branco_nulo=13.0;indecisos=5.0,branco_nulo=13.014;indecisos=5.098
quaest_2026-09-06,Quaest,Globo Comunicação e Participações S/A e Editora Globo S/A,BR-01720/2026,2026-09-03,2026-09-06,2026-09-07,2004,1t,pessoas16_efetivo,36.0,36.755,29.0,28.285,7.0,8.47,3.517,0.97,-4.187,cury=8.0;outros=9.0;indecisos=10.0;branco_nulo=8.0,cury=7.818;outros=8.944;indecisos=10.169;branco_nulo=8.029
nexus_2026-09-07,Nexus,Banco BTG Pactual,BR-06790/2026,2026-09-04,2026-09-07,2026-09-08,2002,2t,pessoas16_efetivo,45.0,44.549,46.0,46.647,-1.0,-2.098,4.179,0.57,5.559,branco_nulo=8.0;indecisos=1.0,branco_nulo=7.818;indecisos=0.994
nexus_2026-09-07,Nexus,Banco BTG Pactual,BR-06790/2026,2026-09-04,2026-09-07,2026-09-08,2002,1t,pessoas16_efetivo,39.0,38.66,35.0,35.468,4.0,3.192,3.764,0.53,5.559,cury=9.0;caiado=4.0;renan_santos=4.0;zema=1.0;outros=2.0;branco_nulo=3.0;indecisos=2.0,cury=9.02;caiado=3.956;renan_santos=4.143;zema=1.026;outros=1.944;branco_nulo=2.89;indecisos=1.838
palver_2026-09-07_v2,Palver,Palver (iniciativa própria),BR-06100/2026,2026-09-04,2026-09-07,2026-09-21,5000,2t,pessoas16_efetivo,43.851,43.585,47.412,47.143,-3.561,-3.558,2.646,0.0,6.936,branco_nulo=7.813;indecisos=0.925,branco_nulo=8.313;indecisos=0.959
gerp_2026-09-08,Gerp,"Gerp Mercadologia em parceria com a AESP Rádio + TV (sem contratação por candidatura, partido ou coligação)",BR-00251/2026,2026-09-03,2026-09-08,2026-09-09,2400,2t,pessoas16_efetivo,40.0,38.143,47.0,48.856,-7.0,-10.713,3.721,0.5,9.559,branco_nulo=11.0;indecisos=3.0,branco_nulo=10.987;indecisos=2.859
datafolha_2026-09-10,Datafolha,Folha de S.Paulo e TV Globo,BR-01833/2026,2026-09-08,2026-09-10,2026-09-11,2002,2t,pessoas16_efetivo,46.0,42.413,44.0,47.886,2.0,-5.473,4.155,0.428,16.589,branco_nulo=8.0;indecisos=1.0,branco_nulo=8.033;indecisos=0.668
datafolha_2026-09-10,Datafolha,Folha de S.Paulo e TV Globo,BR-01833/2026,2026-09-08,2026-09-10,2026-09-11,2002,1t,pessoas16_efetivo,39.0,35.813,35.0,38.155,4.0,-2.342,3.764,0.762,16.589,cury=6.0;caiado=4.0;renan_santos=3.0;zema=2.0;samara=1.0;rui=1.0;clariana=1.0;edmilson=1.0;grassi=0.0;hertz=0.0;branco_nulo=6.0;indecisos=4.0,cury=6.397;caiado=4.0;renan_santos=3.699;zema=1.899;samara=0.899;rui=0.867;clariana=0.834;edmilson=0.834;grassi=0.0;hertz=0.0;branco_nulo=6.101;indecisos=3.369
mda_2026-09-13,MDA,Confederação Nacional do Transporte (CNT),BR-06902/2026,2026-09-09,2026-09-13,2026-09-15,2002,2t,pessoas16_efetivo,47.3,46.214,40.0,41.221,7.3,4.993,4.08,0.42,9.235,branco_nulo=10.2;indecisos=2.5,branco_nulo=10.25;indecisos=2.273
nexus_2026-09-13,Nexus,Banco BTG Pactual,BR-04076/2026,2026-09-11,2026-09-13,2026-09-14,2003,2t,pessoas16_efetivo,47.0,46.688,46.0,46.404,1.0,0.284,4.223,0.35,5.559,branco_nulo=6.0;indecisos=1.0,branco_nulo=5.994;indecisos=0.881
nexus_2026-09-13,Nexus,Banco BTG Pactual,BR-04076/2026,2026-09-11,2026-09-13,2026-09-14,2003,1t,pessoas16_efetivo,42.0,41.703,37.0,37.572,5.0,4.131,3.886,0.55,5.559,cury=6.0;caiado=5.0;renan_santos=2.0;zema=1.0;outros=1.0;branco_nulo=4.0;indecisos=2.0,cury=6.021;caiado=4.976;renan_santos=2.102;zema=1.044;outros=0.944;branco_nulo=3.883;indecisos=1.745
quaest_2026-09-13,Quaest,Globo Comunicação e Participações S/A e Editora Globo S/A,BR-03607/2026,2026-09-10,2026-09-13,2026-09-14,2004,2t,pessoas16_efetivo,40.0,40.657,42.0,41.399,-2.0,-0.742,3.964,0.11,-4.187,branco_nulo=13.0;indecisos=5.0,branco_nulo=12.944;indecisos=5.0
quaest_2026-09-13,Quaest,Globo Comunicação e Participações S/A e Editora Globo S/A,BR-03607/2026,2026-09-10,2026-09-13,2026-09-14,2004,1t,pessoas16_efetivo,36.0,36.531,31.0,30.44,5.0,6.091,3.577,0.36,-4.187,cury=7.0;outros=9.0;indecisos=10.0;branco_nulo=7.0,cury=6.986;outros=8.889;indecisos=10.127;branco_nulo=7.042
atlas_2026-09-16,AtlasIntel,Bloomberg,BR-06221/2026,2026-09-11,2026-09-16,2026-09-17,5018,1t,pessoas16_efetivo,44.1,44.443,41.7,41.127,2.4,3.316,2.562,0.052,0.897,renan_santos=5.1;cury=3.5;caiado=1.7;zema=1.1;samara=0.7;branco_nulo=1.6;indecisos=0.5,renan_santos=5.15;cury=3.552;caiado=1.713;zema=1.146;samara=0.682;branco_nulo=1.666;indecisos=0.513
gerp_2026-09-16,Gerp,"Gerp Mercadologia, recursos próprios",BR-00535/2026,2026-09-14,2026-09-16,2026-09-17,2400,2t,pessoas16_efetivo,43.0,41.612,50.0,51.751,-7.0,-10.139,3.848,0.56,9.559,branco_nulo=6.0;indecisos=1.0,branco_nulo=5.898;indecisos=0.734
poderdata_2026-09-16,PoderData,Poder360,BR-00360/2026,2026-09-13,2026-09-16,2026-09-17,3000,2t,pessoas16_efetivo,44.0,42.697,46.0,47.315,-2.0,-4.618,3.394,0.63,10.813,,
datafolha_2026-09-17,Datafolha,Folha de S.Paulo e TV Globo,BR-04029/2026,2026-09-15,2026-09-17,2026-09-17,2001,2t,pessoas16_efetivo,46.0,42.951,44.0,47.332,2.0,-4.381,4.156,0.649,16.669,branco_nulo=8.0;indecisos=1.0,branco_nulo=7.884;indecisos=1.0
datafolha_2026-09-17,Datafolha,Folha de S.Paulo e TV Globo,BR-04029/2026,2026-09-15,2026-09-17,2026-09-17,2001,1t,pessoas16_efetivo,39.0,36.251,36.0,38.35,3.0,-2.099,3.792,0.806,16.669,cury=6.0;caiado=4.0;renan_santos=3.0;zema=2.0;samara=1.0;rui=1.0;edmilson=0.0;clariana=0.0;hertz=0.0;grassi=0.0;branco_nulo=6.0;indecisos=3.0,cury=6.85;caiado=4.116;renan_santos=3.4;zema=2.333;samara=1.0;rui=0.833;edmilson=-0.167;clariana=0.0;hertz=0.0;grassi=0.0;branco_nulo=5.317;indecisos=2.717
palver_2026-09-18,Palver,Palver (iniciativa própria),BR-00860/2026,2026-09-15,2026-09-18,2026-09-21,5000,2t,pessoas16_efetivo,42.928,43.104,47.392,46.889,-4.464,-3.785,2.631,0.0,6.936,branco_nulo=8.548;indecisos=1.132,branco_nulo=8.961;indecisos=1.045
palver_2026-09-18,Palver,Palver (iniciativa própria),BR-00860/2026,2026-09-15,2026-09-18,2026-09-21,5000,1t,pessoas16_efetivo,41.323,41.468,42.325,41.519,-1.002,-0.051,2.535,0.0,6.936,renan_santos=11.431;cury=1.841;caiado=0.691;zema=0.653;outros=0.847;branco_nulo=0.606;indecisos=0.281,renan_santos=12.036;cury=1.784;caiado=0.81;zema=0.745;outros=0.842;branco_nulo=0.526;indecisos=0.27
nexus_2026-09-20,Nexus,Banco BTG Pactual,BR-00485/2026,2026-09-18,2026-09-20,2026-09-21,2006,2t,pessoas16_efetivo,46.0,45.748,45.0,45.373,1.0,0.375,4.174,0.45,5.559,branco_nulo=7.0;indecisos=1.0,branco_nulo=6.916;indecisos=0.989
nexus_2026-09-20,Nexus,Banco BTG Pactual,BR-00485/2026,2026-09-18,2026-09-20,2026-09-21,2006,1t,pessoas16_efetivo,40.0,39.595,37.0,37.308,3.0,2.287,3.838,0.58,5.559,cury=6.0;caiado=5.0;renan_santos=3.0;zema=1.0;outros=1.0;branco_nulo=4.0;indecisos=2.0,cury=6.194;caiado=4.804;renan_santos=3.188;zema=0.955;outros=1.0;branco_nulo=3.827;indecisos=2.068
quaest_2026-09-20,Quaest,Globo Comunicação e Participações S/A e Editora Globo S/A,BR-06004/2026,2026-09-17,2026-09-20,2026-09-21,2004,2t,pessoas16_efetivo,41.0,41.659,42.0,41.311,-1.0,0.348,3.989,0.33,-4.187,branco_nulo=14.0;indecisos=3.0,branco_nulo=13.945;indecisos=3.085
quaest_2026-09-20,Quaest,Globo Comunicação e Participações S/A e Editora Globo S/A,BR-06004/2026,2026-09-17,2026-09-20,2026-09-21,2004,1t,pessoas16_efetivo,37.0,37.7,33.0,32.466,4.0,5.234,3.659,0.94,-4.187,cury=6.0;outros=9.0;indecisos=8.0;branco_nulo=7.0,cury=5.902;outros=8.845;indecisos=7.974;branco_nulo=7.127
atlas_2026-09-22,AtlasIntel,Bloomberg,BR-04739/2026,2026-09-17,2026-09-22,2026-09-23,5015,1t,pessoas16_efetivo,45.8,46.552,43.4,42.658,2.4,3.894,2.613,0.048,2.697,renan_santos=4.5;cury=2.1;caiado=1.3;zema=0.9;samara=0.4;clariana=0.4;branco_nulo=0.7;indecisos=0.5,renan_santos=4.534;cury=2.035;caiado=1.325;zema=0.939;samara=0.407;clariana=0.343;branco_nulo=0.696;indecisos=0.507
palver_2026-09-23,Palver,Palver (iniciativa própria),BR-09587/2026,2026-09-20,2026-09-23,2026-09-24,5000,2t,pessoas16_efetivo,44.782,45.129,47.966,47.233,-3.184,-2.104,2.668,0.0,6.936,branco_nulo=6.301;indecisos=0.951,branco_nulo=6.646;indecisos=0.993
palver_2026-09-23,Palver,Palver (iniciativa própria),BR-09587/2026,2026-09-20,2026-09-23,2026-09-24,5000,1t,pessoas16_efetivo,43.123,43.471,43.43,42.751,-0.307,0.72,2.579,0.0,6.936,renan_santos=8.452;cury=2.009;caiado=0.744;zema=0.565;outros=0.528;branco_nulo=0.563;indecisos=0.586,renan_santos=9.036;cury=1.854;caiado=0.703;zema=0.57;outros=0.543;branco_nulo=0.546;indecisos=0.525
poderdata_2026-09-23,PoderData,Poder360,BR-01739/2026,2026-09-20,2026-09-23,2026-09-24,3000,2t,pessoas16_efetivo,45.0,43.981,46.0,47.605,-1.0,-3.624,3.413,0.07,10.813,,
poderdata_2026-09-23,PoderData,Poder360,BR-01739/2026,2026-09-20,2026-09-23,2026-09-24,3000,1t,pessoas16_efetivo,41.0,40.135,39.0,40.485,2.0,-0.35,3.2,1.47,10.813,cury=6.0;renan_santos=3.0;caiado=2.0;zema=1.0;samara=1.0;rui=1.0;clariana=1.0;avalanche=0.0;hertz=0.0;edmilson=0.0;grassi=0.0;branco_nulo=4.0;indecisos=2.0,cury=5.875;renan_santos=3.154;caiado=2.154;zema=1.0;samara=1.0;rui=0.937;clariana=0.937;avalanche=-0.108;hertz=0.0;edmilson=0.0;grassi=0.0;branco_nulo=3.567;indecisos=1.784
realtime_2026-09-23,Real Time Big Data,não declarado no relatório de divulgação,BR-04202/2026,2026-09-19,2026-09-23,2026-09-24,2000,1t,pessoas16_efetivo,41.0,38.661,37.0,39.328,4.0,-0.667,3.867,0.49,10.813,cury=6.0;renan_santos=6.0;caiado=2.0;zema=1.0;branco_nulo=3.0;indecisos=3.0,cury=5.476;renan_santos=6.751;caiado=2.29;zema=1.046;branco_nulo=2.738;indecisos=2.801
