cadeira,uf,slug,nome,partido,mandato,bloco,alinhado_governo_lula,n_casos,maior_estagio,tipos_de_caso,K,K_patrimonial_ativo,confianca,incerteza_pp,C_imp_flavio,C_pec_flavio,C_imp_lula,C_pec_lula,contingencia,ocupante_lula,C_imp_ocupante_lula,C_pec_ocupante_lula,voto_pec8
AC-1,AC,marcio-bittar,Marcio Bittar,PL,reeleito_2026,DB,false,1,arquivado,patrimonial,6.0,0.0,media,9,97.0,97.0,97.0,97.0,,marcio-bittar,97.0,97.0,sim
AC-2,AC,mara-rocha,Mara Rocha,Republicanos,eleito_2026,D,false,0,,,0.0,0.0,alta,5,93.0,97.0,88.0,94.0,,mara-rocha,88.0,94.0,
AC-3,AC,alan-rick,Alan Rick,Republicanos,ate_2031,D,false,1,antigo_sem_desfecho,8_de_janeiro,8.0,0.0,alta,5,97.0,97.0,97.0,97.0,segundo_turno_governo: Gemil Júnior,alan-rick,97.0,97.0,sim
AL-1,AL,arthur-lira,Arthur Lira,PP,eleito_2026,C,false,2,citado,patrimonial,38.2,0.0,media,9,20.0,60.0,5.0,52.0,,arthur-lira,5.0,52.0,
AL-2,AL,marina-jhc,Marina JHC,PSDB,eleito_2026,CD,false,0,,,0.0,0.0,baixa,14,49.0,77.0,34.0,69.0,,marina-jhc,34.0,69.0,
AL-3,AL,renan-filho,Renan Filho,MDB,ate_2031,C,true,2,investigado,eleitoral|opiniao,45.5,0.0,baixa,14,19.0,57.0,4.0,49.0,,renan-filho,4.0,49.0,
AM-1,AM,plinio-valerio,Plínio Valério,PSDB,reeleito_2026,D,false,2,representacao,opiniao,21.8,0.0,alta,5,97.0,97.0,97.0,97.0,,plinio-valerio,97.0,97.0,sim
AM-2,AM,eduardo-braga,Eduardo Braga,MDB,reeleito_2026,C,false,1,arquivado,patrimonial,6.0,0.0,baixa,14,29.0,62.0,14.0,54.0,,eduardo-braga,14.0,54.0,ausente
AM-3,AM,omar-aziz,Omar Aziz,PSD,ate_2031,C,false,2,antigo_sem_desfecho,patrimonial,9.8,0.0,media,9,20.0,60.0,5.0,52.0,segundo_turno_governo: Cheila Moreira,omar-aziz,5.0,52.0,ausente
AP-1,AP,lucas-barreto,Lucas Barreto,PSD,reeleito_2026,C,false,0,,,0.0,0.0,media,9,48.0,80.0,33.0,72.0,,lucas-barreto,33.0,72.0,sim
AP-2,AP,rayssa-furlan,Rayssa Furlan,Podemos,eleito_2026,CD,false,1,alvo_de_busca,patrimonial,50.0,50.0,baixa,14,36.5,72.0,21.5,64.0,,rayssa-furlan,21.5,64.0,
AP-3,AP,davi-alcolumbre,Davi Alcolumbre,União,ate_2031,C,false,1,citado,patrimonial,32.0,0.0,alta,5,23.0,70.0,8.0,62.0,,davi-alcolumbre,8.0,62.0,sim
BA-1,BA,rui-costa,Rui Costa,PT,eleito_2026,E,true,1,investigado,patrimonial,40.0,40.0,baixa,14,2.0,2.0,2.0,2.0,,rui-costa,2.0,2.0,
BA-2,BA,jaques-wagner,Jaques Wagner,PT,reeleito_2026,CE,true,4,investigado,patrimonial,54.6,45.0,media,9,2.0,25.5,2.0,25.5,,jaques-wagner,2.0,25.5,sim
BA-3,BA,otto-alencar,Otto Alencar,PSD,ate_2031,C,false,0,,,0.0,0.0,media,9,23.0,70.0,8.0,62.0,,otto-alencar,8.0,62.0,sim
CE-1,CE,cid-gomes,Cid Gomes,PSB,reeleito_2026,C,true,1,alvo_de_busca,patrimonial,25.0,25.0,media,9,28.7,62.5,13.7,54.5,,cid-gomes,13.7,54.5,ausente
CE-2,CE,luizianne-lins,Luizianne Lins,Rede,eleito_2026,E,true,2,antigo_sem_desfecho,outro,9.8,0.0,media,9,2.0,2.0,2.0,2.0,,luizianne-lins,2.0,2.0,
CE-3,CE,camilo-santana,Camilo Santana,PT,ate_2031,E,true,0,,,0.0,0.0,baixa,14,2.0,2.0,2.0,2.0,,camilo-santana,2.0,2.0,ausente
DF-1,DF,michelle-bolsonaro,Michelle Bolsonaro,PL,eleito_2026,DB,false,2,citado,patrimonial,33.0,0.0,media,9,95.0,97.0,95.0,97.0,,michelle-bolsonaro,95.0,97.0,
DF-2,DF,bia-kicis,Bia Kicis,PL,eleito_2026,DB,false,3,investigado,opiniao,48.4,0.0,media,9,97.0,97.0,97.0,97.0,,bia-kicis,97.0,97.0,
DF-3,DF,damares-alves,Damares Alves,Republicanos,ate_2031,DB,false,1,investigado,outro,45.0,0.0,alta,5,97.0,97.0,97.0,97.0,,damares-alves,97.0,97.0,sim
ES-1,ES,evair-de-melo,Evair de Melo,Republicanos,eleito_2026,D,false,0,,,0.0,0.0,media,9,93.0,97.0,88.0,94.0,,evair-de-melo,88.0,94.0,
ES-2,ES,renato-casagrande,Renato Casagrande,PSB,eleito_2026,CE,true,1,arquivado,patrimonial,6.0,0.0,baixa,14,2.0,22.0,2.0,22.0,,renato-casagrande,2.0,22.0,
ES-3,ES,magno-malta,Magno Malta,PL,ate_2031,DB,false,6,reu,opiniao|outro|patrimonial,100.0,0.0,alta,5,97.0,97.0,97.0,97.0,,magno-malta,97.0,97.0,sim
GO-1,GO,gustavo-gayer,Gustavo Gayer,PL,eleito_2026,DB,false,4,reu,opiniao|patrimonial,100.0,15.7,media,9,91.1,95.4,91.1,95.4,,gustavo-gayer,91.1,95.4,
GO-2,GO,gracinha-caiado,Gracinha Caiado,União,eleito_2026,CD,false,0,,,0.0,0.0,media,9,65.0,85.0,50.0,77.0,,gracinha-caiado,50.0,77.0,
GO-3,GO,wilder-morais,Wilder Morais,PL,ate_2031,D,false,1,citado,patrimonial,27.0,0.0,alta,5,96.0,97.0,91.0,97.0,,wilder-morais,91.0,97.0,sim
MA-1,MA,lahesio-bonfim,Lahesio Bonfim,Novo,eleito_2026,D,false,1,reu,patrimonial,55.0,55.0,media,9,71.2,87.5,66.2,84.5,,lahesio-bonfim,66.2,84.5,
MA-2,MA,andre-fufuca,André Fufuca,PP,eleito_2026,C,true,2,citado,eleitoral|patrimonial,14.4,0.0,baixa,14,19.0,57.0,4.0,49.0,,andre-fufuca,4.0,49.0,
MA-3,MA,ana-paula-lobato,Ana Paula Lobato,PSB,ate_2031,CE,false,1,acusacao_sem_procedimento,eleitoral,5.0,0.0,baixa,14,4.0,27.0,4.0,27.0,,ana-paula-lobato,4.0,27.0,ausente
MG-1,MG,domingos-savio,Domingos Sávio,PL,eleito_2026,DB,false,1,antigo_sem_desfecho,opiniao,8.0,0.0,media,9,95.0,97.0,95.0,97.0,,domingos-savio,95.0,97.0,
MG-2,MG,marilia-campos,Marília Campos,PT,eleito_2026,E,true,0,,,0.0,0.0,baixa,14,2.0,2.0,2.0,2.0,,marilia-campos,2.0,2.0,
MG-3,MG,alex-diniz,Alex Diniz,PL,suplente_ate_2031,D,false,1,citado,patrimonial,22.0,0.0,baixa,14,69.0,85.0,64.0,82.0,suplente,alex-diniz,64.0,82.0,
MS-1,MS,reinaldo-azambuja,Reinaldo Azambuja,PL,eleito_2026,D,false,1,absolvido_ou_trancado,patrimonial,4.0,0.0,media,9,77.0,93.0,72.0,90.0,,reinaldo-azambuja,72.0,90.0,
MS-2,MS,capitao-contar,Capitão Contar,PL,eleito_2026,DB,false,0,,,0.0,0.0,media,9,95.0,97.0,95.0,97.0,,capitao-contar,95.0,97.0,
MS-3,MS,tereza-cristina,Tereza Cristina,PP,ate_2031,D,false,0,,,0.0,0.0,media,9,88.0,97.0,83.0,97.0,,tereza-cristina,83.0,97.0,sim
MT-1,MT,ze-medeiros,Zé Medeiros,PL,eleito_2026,DB,false,1,arquivado,opiniao,6.0,0.0,media,9,87.0,97.0,87.0,97.0,,ze-medeiros,87.0,97.0,
MT-2,MT,mauro-mendes,Mauro Mendes,União,eleito_2026,CD,false,1,investigado,patrimonial,50.0,50.0,media,9,52.5,80.0,37.5,72.0,,mauro-mendes,37.5,72.0,
MT-3,MT,wellington-fagundes,Wellington Fagundes,PL,ate_2031,CD,false,1,reu,patrimonial,45.0,45.0,media,9,56.7,90.5,41.7,82.5,,wellington-fagundes,41.7,82.5,sim
PA-1,PA,chicao,Chicão,União,eleito_2026,C,false,0,,,0.0,0.0,baixa,14,29.0,62.0,14.0,54.0,,chicao,14.0,54.0,
PA-2,PA,helder-barbalho,Helder Barbalho,MDB,eleito_2026,C,true,2,arquivado,patrimonial,7.8,0.0,baixa,14,19.0,57.0,4.0,49.0,,helder-barbalho,4.0,49.0,
PA-3,PA,beto-faro,Beto Faro,PT,ate_2031,E,true,2,eleitoral_pendente,eleitoral,32.4,0.0,media,9,2.0,2.0,2.0,2.0,cassacao_pendente,beto-faro,2.0,2.0,nao
PB-1,PB,joao-azevedo,João Azevêdo,PSB,eleito_2026,CE,true,1,arquivado,patrimonial,6.0,0.0,baixa,14,2.0,22.0,2.0,22.0,,joao-azevedo,2.0,22.0,
PB-2,PB,veneziano-vital-do-rego,Veneziano Vital do Rêgo,MDB,reeleito_2026,C,false,2,antigo_sem_desfecho,patrimonial,9.8,0.0,baixa,14,29.0,62.0,14.0,54.0,,veneziano-vital-do-rego,14.0,54.0,ausente
PB-3,PB,efraim-filho,Efraim Filho,PL,ate_2031,D,false,1,citado,patrimonial,32.0,0.0,alta,5,96.0,97.0,91.0,97.0,,efraim-filho,91.0,97.0,sim
PE-1,PE,marilia-arraes,Marília Arraes,PDT,eleito_2026,CE,false,0,,,0.0,0.0,media,9,2.0,25.0,2.0,25.0,,marilia-arraes,2.0,25.0,
PE-2,PE,humberto-costa,Humberto Costa,PT,reeleito_2026,E,true,1,arquivado,patrimonial,6.0,0.0,media,9,2.0,2.0,2.0,2.0,,humberto-costa,2.0,2.0,nao
PE-3,PE,teresa-leitao,Teresa Leitão,PT,ate_2031,E,true,1,eleitoral_pendente,eleitoral,20.0,0.0,media,9,2.0,2.0,2.0,2.0,,teresa-leitao,2.0,2.0,nao
PI-1,PI,julio-cesar,Júlio César,PSD,eleito_2026,CE,true,0,,,0.0,0.0,baixa,14,2.0,22.0,2.0,22.0,,julio-cesar,2.0,22.0,
PI-2,PI,marcelo-castro,Marcelo Castro,MDB,reeleito_2026,C,false,2,antigo_sem_desfecho,eleitoral|opiniao,9.2,0.0,media,9,25.0,45.0,10.0,37.0,,marcelo-castro,10.0,37.0,nao
PI-3,PI,wellington-dias,Wellington Dias,PT,ate_2031,E,true,2,alvo_de_busca,patrimonial,27.4,25.0,baixa,14,2.0,2.0,2.0,2.0,ministerio: Jussara Lima,jussara-lima,10.0,37.0,ausente
PR-1,PR,filipe-barros,Filipe Barros,PL,eleito_2026,DB,false,3,investigado,opiniao,63.1,0.0,alta,5,97.0,97.0,97.0,97.0,,filipe-barros,97.0,97.0,
PR-2,PR,deltan-dallagnol,Deltan Dallagnol,Novo,eleito_2026,D,false,2,eleitoral_pendente,eleitoral|outro,37.4,0.0,alta,5,93.0,97.0,88.0,94.0,sub_judice,deltan-dallagnol,88.0,94.0,
PR-3,PR,luis-felipe-cunha,Luis Felipe Cunha,União,suplente_ate_2031,CD,false,1,absolvido_ou_trancado,eleitoral,4.0,0.0,baixa,14,49.0,77.0,34.0,69.0,suplente,luis-felipe-cunha,34.0,69.0,
RJ-1,RJ,carlos-portinho,Carlos Portinho,PL,reeleito_2026,DB,false,0,,,0.0,0.0,media,9,97.0,97.0,97.0,97.0,,carlos-portinho,97.0,97.0,sim
RJ-2,RJ,carlos-jordy,Carlos Jordy,PL,eleito_2026,DB,false,2,investigado,8_de_janeiro|patrimonial,62.0,50.0,media,9,90.5,96.0,90.5,96.0,,carlos-jordy,90.5,96.0,
RJ-3,RJ,romario,Romário,Sem partido,ate_2031,C,false,4,antigo_sem_desfecho,opiniao|outro|patrimonial,13.4,0.0,media,9,25.0,45.0,10.0,37.0,,romario,10.0,37.0,nao
RN-1,RN,styvenson-valentim,Styvenson Valentim,Podemos,reeleito_2026,D,false,1,arquivamento_pedido,opiniao,8.0,0.0,alta,5,97.0,97.0,97.0,97.0,,styvenson-valentim,97.0,97.0,sim
RN-2,RN,samanda-de-lula,Samanda de Lula,PT,eleito_2026,E,true,0,,,0.0,0.0,baixa,14,2.0,2.0,2.0,2.0,,samanda-de-lula,2.0,2.0,
RN-3,RN,rogerio-marinho,Rogério Marinho,PL,ate_2031,DB,false,2,suspenso,patrimonial,42.5,42.5,alta,5,87.4,97.0,87.4,97.0,,rogerio-marinho,87.4,97.0,sim
RO-1,RO,fernando-maximo,Fernando Máximo,PL,eleito_2026,DB,false,0,,,0.0,0.0,media,9,95.0,97.0,95.0,97.0,,fernando-maximo,95.0,97.0,
RO-2,RO,bruno-scheid,Bruno Scheid,PL,eleito_2026,DB,false,0,,,0.0,0.0,media,9,95.0,97.0,95.0,97.0,,bruno-scheid,95.0,97.0,
RO-3,RO,jaime-bagattoli,Jaime Bagattoli,PL,ate_2031,DB,false,0,,,0.0,0.0,alta,5,97.0,97.0,97.0,97.0,,jaime-bagattoli,97.0,97.0,sim
RR-1,RR,nicoletti,Nicoletti,PL,eleito_2026,DB,false,1,citado,patrimonial,37.0,0.0,media,9,97.0,97.0,97.0,97.0,,nicoletti,97.0,97.0,
RR-2,RR,teresa-surita,Teresa Surita,MDB,eleito_2026,CD,false,4,condenacao_civel,eleitoral|patrimonial,38.2,37.0,media,9,55.7,81.3,40.7,73.3,,teresa-surita,40.7,73.3,
RR-3,RR,dr-hiran,Dr. Hiran,PP,ate_2031,D,false,2,citado,patrimonial,23.8,0.0,alta,5,96.0,97.0,91.0,97.0,,dr-hiran,91.0,97.0,sim
RS-1,RS,sanderson,Sanderson,PL,eleito_2026,DB,false,0,,,0.0,0.0,media,9,97.0,97.0,97.0,97.0,,sanderson,97.0,97.0,
RS-2,RS,marcel-van-hattem,Marcel van Hattem,Novo,eleito_2026,D,false,1,denuncia_oferecida,opiniao,60.0,0.0,media,9,85.0,93.0,80.0,90.0,,marcel-van-hattem,80.0,90.0,
RS-3,RS,hamilton-mourao,Hamilton Mourão,Republicanos,ate_2031,D,false,2,arquivado,8_de_janeiro|opiniao,6.6,0.0,media,9,88.0,97.0,83.0,97.0,,hamilton-mourao,83.0,97.0,sim
SC-1,SC,carlos-bolsonaro,Carlos Bolsonaro,PL,eleito_2026,DB,false,2,indiciado,outro|patrimonial,55.5,10.5,media,9,92.4,95.9,92.4,95.9,,carlos-bolsonaro,92.4,95.9,
SC-2,SC,carol-de-toni,Carol de Toni,PL,eleito_2026,DB,false,1,representacao,opiniao,10.0,0.0,media,9,97.0,97.0,97.0,97.0,,carol-de-toni,97.0,97.0,
SC-3,SC,jorge-seif,Jorge Seif,PL,ate_2031,DB,false,2,representacao,eleitoral|opiniao,31.2,0.0,media,9,97.0,97.0,97.0,97.0,,jorge-seif,97.0,97.0,sim
SE-1,SE,alessandro-vieira,Alessandro Vieira,MDB,reeleito_2026,C,false,2,representacao,opiniao,26.0,0.0,alta,5,85.0,90.0,85.0,90.0,,alessandro-vieira,85.0,90.0,sim
SE-2,SE,rogerio-carvalho,Rogério Carvalho,PT,reeleito_2026,E,true,1,citado,patrimonial,37.0,0.0,media,9,2.0,2.0,2.0,2.0,,rogerio-carvalho,2.0,2.0,nao
SE-3,SE,laercio-oliveira,Laércio Oliveira,PP,ate_2031,CD,false,0,,,0.0,0.0,alta,5,76.0,97.0,61.0,91.0,,laercio-oliveira,61.0,91.0,sim
SP-1,SP,guilherme-derrite,Guilherme Derrite,PP,eleito_2026,D,false,3,representacao,outro|patrimonial,25.4,0.0,media,9,85.0,93.0,80.0,90.0,,guilherme-derrite,80.0,90.0,
SP-2,SP,andre-do-prado,André do Prado,PL,eleito_2026,D,false,2,acusacao_sem_procedimento,outro|patrimonial,6.5,0.0,media,9,85.0,93.0,80.0,90.0,,andre-do-prado,80.0,90.0,
SP-3,SP,marcos-pontes,Marcos Pontes,PL,ate_2031,D,false,1,arquivado,patrimonial,6.0,0.0,alta,5,96.0,97.0,91.0,97.0,,marcos-pontes,91.0,97.0,sim
TO-1,TO,eduardo-gomes,Eduardo Gomes,PL,reeleito_2026,D,false,1,investigado,patrimonial,45.0,45.0,alta,5,72.7,97.0,67.7,97.0,,eduardo-gomes,67.7,97.0,sim
TO-2,TO,alexandre-guimaraes,Alexandre Guimarães,MDB,eleito_2026,CD,false,0,,,0.0,0.0,media,9,73.0,89.0,58.0,81.0,,alexandre-guimaraes,58.0,81.0,
TO-3,TO,professora-dorinha,Professora Dorinha,União,ate_2031,CD,false,0,,,0.0,0.0,media,9,64.0,95.0,49.0,87.0,segundo_turno_governo: Professora Lu,professora-dorinha,49.0,87.0,sim
